dataset,subject_id,width,height,mode,brightness,contrast,aspect_ratio,file_size_kb
synthetic,85,112,112,RGBA,29.951211734693878,16.601165738852252,1.0,16.7
synthetic,85,112,112,RGBA,73.89652423469387,39.05140116656657,1.0,21.0
synthetic,85,112,112,RGBA,73.28954081632654,41.013406597203286,1.0,20.6
synthetic,85,112,112,RGBA,108.51929209183673,53.6975222370346,1.0,20.9
synthetic,85,112,112,RGBA,147.1873405612245,74.98371408515263,1.0,17.9
synthetic,123,112,112,RGBA,81.04767219387755,37.57145137240878,1.0,20.7
synthetic,123,112,112,RGBA,71.66725127551021,43.73168266946376,1.0,21.5
synthetic,123,112,112,RGBA,77.2842793367347,29.495189772189654,1.0,20.0
synthetic,123,112,112,RGBA,95.92498405612245,54.29255009386554,1.0,17.0
synthetic,123,112,112,RGBA,92.53053252551021,46.23919508547528,1.0,21.9
synthetic,132,112,112,RGBA,65.86662946428571,34.88878086921352,1.0,21.9
synthetic,132,112,112,RGBA,81.93917410714286,47.69380992256905,1.0,22.0
synthetic,132,112,112,RGBA,90.27742346938776,44.26430445023993,1.0,20.9
synthetic,132,112,112,RGBA,127.30404974489795,59.611617911084394,1.0,18.5
synthetic,132,112,112,RGBA,109.78539540816327,62.44102082244295,1.0,27.0
synthetic,150,112,112,RGBA,152.21779336734693,62.94446868055771,1.0,24.0
synthetic,150,112,112,RGBA,102.97297512755102,38.046646901495606,1.0,24.7
synthetic,150,112,112,RGBA,61.76698022959184,39.60687504258118,1.0,21.1
synthetic,150,112,112,RGBA,104.67179528061224,24.65247900466476,1.0,19.9
synthetic,150,112,112,RGBA,61.49178890306123,39.19147905849144,1.0,19.3
synthetic,163,112,112,RGBA,46.97241709183673,41.23840326351147,1.0,17.2
synthetic,163,112,112,RGBA,60.946906887755105,19.227252329489005,1.0,18.7
synthetic,163,112,112,RGBA,79.02830038265306,35.733638677644684,1.0,19.6
synthetic,163,112,112,RGBA,95.0719068877551,41.39253661051174,1.0,20.1
synthetic,163,112,112,RGBA,50.34877232142857,28.039571392278866,1.0,21.3
synthetic,169,112,112,RGBA,66.44467474489795,40.17126680055094,1.0,18.4
synthetic,169,112,112,RGBA,67.53180803571429,24.094959402456084,1.0,19.1
synthetic,169,112,112,RGBA,82.49418048469387,45.2402684096381,1.0,18.9
synthetic,169,112,112,RGBA,103.39827806122449,80.75256983712798,1.0,19.5
synthetic,169,112,112,RGBA,27.535315688775512,23.97316665855516,1.0,18.4
synthetic,178,112,112,RGBA,76.8155293367347,42.786330202613165,1.0,21.6
synthetic,178,112,112,RGBA,132.3321906887755,62.221378169079124,1.0,23.4
synthetic,178,112,112,RGBA,101.72943239795919,46.67699480679036,1.0,20.8
synthetic,178,112,112,RGBA,90.00964604591837,61.600156069157926,1.0,22.0
synthetic,178,112,112,RGBA,101.54009885204081,34.675182624483014,1.0,21.7
synthetic,179,112,112,RGBA,86.09406887755102,61.08583463568385,1.0,22.8
synthetic,179,112,112,RGBA,94.56401466836735,64.16787227241662,1.0,21.1
synthetic,179,112,112,RGBA,63.223852040816325,40.183882013590846,1.0,20.9
synthetic,179,112,112,RGBA,68.74872448979592,38.860929908753775,1.0,21.7
synthetic,179,112,112,RGBA,27.048947704081634,24.76307044156063,1.0,17.7
synthetic,193,112,112,RGBA,112.22648278061224,50.637217883829,1.0,19.8
synthetic,193,112,112,RGBA,121.71675701530613,48.73293676857771,1.0,22.1
synthetic,193,112,112,RGBA,62.50502232142857,44.82043226303909,1.0,16.7
synthetic,193,112,112,RGBA,153.4055325255102,40.26626546589257,1.0,21.2
synthetic,193,112,112,RGBA,109.10259885204081,63.414335493262804,1.0,21.2
synthetic,245,112,112,RGBA,82.74776785714286,32.21417180241481,1.0,20.1
synthetic,245,112,112,RGBA,125.15967793367346,40.71494866030878,1.0,21.5
synthetic,245,112,112,RGBA,57.88177614795919,25.66991098311431,1.0,20.4
synthetic,245,112,112,RGBA,75.42761479591837,21.738543550301443,1.0,17.6
synthetic,245,112,112,RGBA,101.90545280612245,49.016863334828685,1.0,19.7
synthetic,256,112,112,RGBA,71.72393176020408,46.959687933282325,1.0,21.9
synthetic,256,112,112,RGBA,57.22201849489796,32.18123784746426,1.0,17.9
synthetic,256,112,112,RGBA,193.0974968112245,22.67769922640817,1.0,16.7
synthetic,256,112,112,RGBA,105.74728954081633,43.41555008824183,1.0,24.1
synthetic,256,112,112,RGBA,101.71045918367346,61.92087584244325,1.0,19.8
synthetic,279,112,112,RGBA,90.57453762755102,40.32931079175539,1.0,20.0
synthetic,279,112,112,RGBA,112.21061862244898,49.926118522415145,1.0,24.5
synthetic,279,112,112,RGBA,130.65194515306123,42.207906433233376,1.0,23.4
synthetic,279,112,112,RGBA,89.96867028061224,29.076946277089068,1.0,21.7
synthetic,279,112,112,RGBA,110.48373724489795,37.4912475780891,1.0,19.9
synthetic,302,112,112,RGBA,56.38584183673469,55.00109180090256,1.0,20.6
synthetic,302,112,112,RGBA,121.77901785714286,51.24073883276111,1.0,22.1
synthetic,302,112,112,RGBA,67.40529336734694,27.317561421753634,1.0,17.5
synthetic,302,112,112,RGBA,62.02718431122449,26.01593244999716,1.0,18.3
synthetic,302,112,112,RGBA,101.93486926020408,32.747404803733545,1.0,18.9
synthetic,318,112,112,RGBA,132.56560905612244,43.085478048479864,1.0,19.8
synthetic,318,112,112,RGBA,151.83976403061226,34.15159071571493,1.0,16.5
synthetic,318,112,112,RGBA,116.34199617346938,50.32250489668132,1.0,19.9
synthetic,318,112,112,RGBA,91.90672831632654,49.033832350060514,1.0,20.5
synthetic,318,112,112,RGBA,40.66669323979592,61.46089100234866,1.0,18.4
synthetic,320,112,112,RGBA,41.49107142857143,30.073566527749573,1.0,17.1
synthetic,320,112,112,RGBA,63.576929209183675,28.736653628140374,1.0,20.2
synthetic,320,112,112,RGBA,102.13576211734694,49.28649374797239,1.0,21.4
synthetic,320,112,112,RGBA,57.51084183673469,76.45220581537336,1.0,15.2
synthetic,320,112,112,RGBA,45.804767219387756,23.146244507460157,1.0,17.6
synthetic,351,112,112,RGBA,113.61607142857143,34.125568835432425,1.0,22.3
synthetic,351,112,112,RGBA,101.0859375,55.94902141592072,1.0,22.8
synthetic,351,112,112,RGBA,79.28196747448979,32.22846694640902,1.0,18.4
synthetic,351,112,112,RGBA,115.22154017857143,41.384963328722264,1.0,19.3
synthetic,351,112,112,RGBA,120.90904017857143,61.68084955185391,1.0,24.1
synthetic,373,112,112,RGBA,28.392538265306122,18.684368854087005,1.0,16.4
synthetic,373,112,112,RGBA,83.31656568877551,74.56992651960427,1.0,19.9
synthetic,373,112,112,RGBA,32.70527742346939,15.8466810390985,1.0,16.6
synthetic,373,112,112,RGBA,53.211894132653065,35.43164587551608,1.0,19.0
synthetic,373,112,112,RGBA,101.86647002551021,29.958798420190806,1.0,19.0
synthetic,379,112,112,RGBA,132.66079400510205,24.167974965031146,1.0,20.1
synthetic,379,112,112,RGBA,75.71588010204081,50.484648445737506,1.0,20.3
synthetic,379,112,112,RGBA,73.43423150510205,24.60568777607426,1.0,17.8
synthetic,379,112,112,RGBA,87.06704400510205,60.46755843496638,1.0,19.9
synthetic,379,112,112,RGBA,68.71085778061224,24.56200874705147,1.0,20.4
synthetic,384,112,112,RGBA,113.78316326530613,39.537607835592425,1.0,20.8
synthetic,384,112,112,RGBA,77.91326530612245,43.52987775890397,1.0,20.0
synthetic,384,112,112,RGBA,111.14373405612245,59.091343005551,1.0,18.8
synthetic,384,112,112,RGBA,62.39086415816327,38.157627174156204,1.0,18.8
synthetic,384,112,112,RGBA,79.42514349489795,38.0895679592191,1.0,20.7
synthetic,439,112,112,RGBA,83.63408801020408,52.33858847074117,1.0,21.1
synthetic,439,112,112,RGBA,89.1743463010204,32.46279231084905,1.0,20.5
synthetic,439,112,112,RGBA,84.65609056122449,55.633847879410155,1.0,15.6
synthetic,439,112,112,RGBA,91.70328443877551,43.82628519109551,1.0,21.0
synthetic,439,112,112,RGBA,35.091438137755105,23.161815909710775,1.0,15.9
synthetic,448,112,112,RGBA,102.72090242346938,56.67532500898788,1.0,16.8
synthetic,448,112,112,RGBA,49.92338966836735,31.728489039015457,1.0,17.5
synthetic,448,112,112,RGBA,91.5687181122449,50.62177550592304,1.0,22.4
synthetic,448,112,112,RGBA,64.2015306122449,42.94472127825992,1.0,18.0
synthetic,448,112,112,RGBA,115.92857142857143,35.70739888957446,1.0,20.7
synthetic,478,112,112,RGBA,105.29974489795919,32.765009314726385,1.0,18.5
synthetic,478,112,112,RGBA,108.8780293367347,34.2734276079011,1.0,19.7
synthetic,478,112,112,RGBA,107.10275829081633,42.673922475953255,1.0,18.7
synthetic,478,112,112,RGBA,82.10060586734694,35.880198366745496,1.0,20.6
synthetic,478,112,112,RGBA,121.9710618622449,66.15508006630391,1.0,20.8
synthetic,536,112,112,RGBA,93.47823660714286,53.320724431554304,1.0,20.8
synthetic,536,112,112,RGBA,101.66063456632654,59.88726143129424,1.0,20.2
synthetic,536,112,112,RGBA,134.0740593112245,51.61845850277897,1.0,15.2
synthetic,536,112,112,RGBA,55.46237244897959,25.77980281930213,1.0,17.2
synthetic,536,112,112,RGBA,112.00741390306122,53.26064638478262,1.0,23.3
synthetic,575,112,112,RGBA,101.54400510204081,63.00452973900073,1.0,18.5
synthetic,575,112,112,RGBA,52.54998405612245,50.397048097594734,1.0,16.4
synthetic,575,112,112,RGBA,95.25326849489795,42.850639727955084,1.0,21.0
synthetic,575,112,112,RGBA,75.04264987244898,47.646509904881086,1.0,22.2
synthetic,575,112,112,RGBA,33.79575892857143,33.23573944033691,1.0,16.7
synthetic,620,112,112,RGBA,114.9311224489796,54.70990028830646,1.0,20.4
synthetic,620,112,112,RGBA,33.57342155612245,32.380089795157204,1.0,18.4
synthetic,620,112,112,RGBA,66.21149553571429,40.747978992335334,1.0,17.4
synthetic,620,112,112,RGBA,94.59733737244898,35.16964756177688,1.0,21.4
synthetic,620,112,112,RGBA,86.29408482142857,44.156898014994,1.0,18.9
synthetic,640,112,112,RGBA,84.14014668367346,51.19250883623376,1.0,25.9
synthetic,640,112,112,RGBA,79.17307079081633,52.9712355034463,1.0,22.6
synthetic,640,112,112,RGBA,86.98142538265306,47.37642413463273,1.0,22.3
synthetic,640,112,112,RGBA,98.72209821428571,45.132393850527464,1.0,20.5
synthetic,640,112,112,RGBA,90.75932716836735,44.47489511328963,1.0,22.1
synthetic,652,112,112,RGBA,113.44140625,38.40611994090679,1.0,19.5
synthetic,652,112,112,RGBA,92.73573022959184,33.26961950141691,1.0,20.3
synthetic,652,112,112,RGBA,125.9071269132653,74.43683696887985,1.0,16.4
synthetic,652,112,112,RGBA,60.890545280612244,46.3486990840277,1.0,19.2
synthetic,652,112,112,RGBA,62.94284119897959,18.15006627269164,1.0,15.9
synthetic,689,112,112,RGBA,98.04320790816327,46.430515568253334,1.0,21.8
synthetic,689,112,112,RGBA,52.479272959183675,26.815618145256842,1.0,17.8
synthetic,689,112,112,RGBA,104.08306760204081,53.89601181506299,1.0,19.4
synthetic,689,112,112,RGBA,88.7743144132653,59.76386628505027,1.0,23.2
synthetic,689,112,112,RGBA,36.46484375,21.455541985585654,1.0,18.2
synthetic,710,112,112,RGBA,76.77917729591837,34.696217558165706,1.0,21.2
synthetic,710,112,112,RGBA,75.68734056122449,41.64484970354013,1.0,18.8
synthetic,710,112,112,RGBA,91.6898118622449,44.24419141546121,1.0,18.7
synthetic,710,112,112,RGBA,64.2725605867347,49.05915115582026,1.0,16.8
synthetic,710,112,112,RGBA,57.1530612244898,42.880947743775614,1.0,19.7
synthetic,712,112,112,RGBA,87.6352838010204,53.05528170131063,1.0,21.5
synthetic,712,112,112,RGBA,152.08793048469389,44.06406587595699,1.0,18.9
synthetic,712,112,112,RGBA,98.92378826530613,47.278824438017516,1.0,19.9
synthetic,712,112,112,RGBA,53.375956632653065,45.05339712868336,1.0,18.6
synthetic,712,112,112,RGBA,95.15553252551021,55.39603008841859,1.0,22.3
synthetic,719,112,112,RGBA,19.177295918367346,39.10611105728461,1.0,13.3
synthetic,719,112,112,RGBA,61.900510204081634,38.08508892551233,1.0,21.4
synthetic,719,112,112,RGBA,81.65114795918367,60.86867150575957,1.0,21.3
synthetic,719,112,112,RGBA,78.6546556122449,51.82718626337278,1.0,21.9
synthetic,719,112,112,RGBA,58.701291454081634,33.53465612761599,1.0,22.9
synthetic,729,112,112,RGBA,55.40672831632653,49.146115113507875,1.0,23.5
synthetic,729,112,112,RGBA,84.78571428571429,45.77268869765294,1.0,21.0
synthetic,729,112,112,RGBA,86.65601084183673,39.26349481914655,1.0,21.8
synthetic,729,112,112,RGBA,78.2327806122449,31.77163397082937,1.0,20.9
synthetic,729,112,112,RGBA,59.40274234693877,44.67789994790538,1.0,20.9
synthetic,772,112,112,RGBA,78.11989795918367,31.222821948836902,1.0,19.1
synthetic,772,112,112,RGBA,105.19706632653062,73.64155532877139,1.0,17.3
synthetic,772,112,112,RGBA,92.46157525510205,47.356817528167184,1.0,24.6
synthetic,772,112,112,RGBA,105.99816645408163,65.05138701544347,1.0,20.9
synthetic,772,112,112,RGBA,110.86399872448979,47.03088194972944,1.0,20.6
synthetic,775,112,112,RGBA,100.19539221938776,55.52709373670558,1.0,18.9
synthetic,775,112,112,RGBA,74.13352997448979,27.84767372444707,1.0,22.1
synthetic,775,112,112,RGBA,121.96245216836735,73.57870722651101,1.0,19.2
synthetic,775,112,112,RGBA,42.23804209183673,32.97086444558354,1.0,16.8
synthetic,775,112,112,RGBA,89.11941964285714,64.50009956225445,1.0,21.0
synthetic,807,112,112,RGBA,69.07270408163265,38.40808428711734,1.0,21.4
synthetic,807,112,112,RGBA,115.72791772959184,42.17599747121829,1.0,22.6
synthetic,807,112,112,RGBA,141.04336734693877,71.1690768568117,1.0,21.2
synthetic,807,112,112,RGBA,39.845583545918366,19.033657703768316,1.0,18.2
synthetic,807,112,112,RGBA,27.74250637755102,17.00272969062195,1.0,16.1
synthetic,824,112,112,RGBA,54.40864158163265,33.159667678177186,1.0,20.6
synthetic,824,112,112,RGBA,83.8641581632653,52.22488848089895,1.0,22.8
synthetic,824,112,112,RGBA,49.494021045918366,23.73914150200272,1.0,17.3
synthetic,824,112,112,RGBA,121.90553252551021,52.08658369997037,1.0,25.2
synthetic,824,112,112,RGBA,72.19945790816327,38.34222466561086,1.0,18.1
synthetic,835,112,112,RGBA,25.396364795918366,23.08909456444101,1.0,15.9
synthetic,835,112,112,RGBA,78.30261479591837,46.78440503402103,1.0,19.1
synthetic,835,112,112,RGBA,69.27248086734694,72.47137930212479,1.0,18.7
synthetic,835,112,112,RGBA,46.20232780612245,24.351827833163007,1.0,17.9
synthetic,835,112,112,RGBA,90.4241868622449,38.48211582459483,1.0,20.1
synthetic,855,112,112,RGBA,85.65409757653062,39.14043157706552,1.0,18.2
synthetic,855,112,112,RGBA,109.41876594387755,44.78868256576772,1.0,23.4
synthetic,855,112,112,RGBA,39.51817602040816,22.784391503020096,1.0,20.3
synthetic,855,112,112,RGBA,90.92147640306122,44.8144396001141,1.0,26.1
synthetic,855,112,112,RGBA,69.6866230867347,39.8297347953048,1.0,22.9
synthetic,864,112,112,RGBA,91.52925701530613,56.012884062658756,1.0,21.3
synthetic,864,112,112,RGBA,106.91007653061224,62.51470653908257,1.0,22.8
synthetic,864,112,112,RGBA,113.39995216836735,40.270185670689344,1.0,18.7
synthetic,864,112,112,RGBA,104.01490752551021,46.911375522397954,1.0,19.7
synthetic,864,112,112,RGBA,68.48883928571429,54.84781417546384,1.0,18.5
synthetic,866,112,112,RGBA,114.09223533163265,47.461798450531816,1.0,20.3
synthetic,866,112,112,RGBA,73.46659757653062,43.54117985840278,1.0,16.7
synthetic,866,112,112,RGBA,143.2579719387755,30.864395439339926,1.0,19.5
synthetic,866,112,112,RGBA,131.5703125,53.098132449953,1.0,21.2
synthetic,866,112,112,RGBA,74.59661989795919,53.83431102393574,1.0,22.5
synthetic,867,112,112,RGBA,88.39014668367346,67.41323944071927,1.0,20.2
synthetic,867,112,112,RGBA,110.69722576530613,34.99811408851342,1.0,21.9
synthetic,867,112,112,RGBA,79.87667410714286,40.135632030077,1.0,20.2
synthetic,867,112,112,RGBA,42.68502869897959,25.34188510462598,1.0,16.7
synthetic,867,112,112,RGBA,130.02351721938774,46.995133526027644,1.0,18.4
synthetic,869,112,112,RGBA,77.7709661989796,44.22601010916713,1.0,20.9
synthetic,869,112,112,RGBA,52.15967793367347,32.33292165073865,1.0,19.4
synthetic,869,112,112,RGBA,68.18399234693878,39.91709495342001,1.0,20.4
synthetic,869,112,112,RGBA,68.52670599489795,69.1685295448145,1.0,15.5
synthetic,869,112,112,RGBA,26.580117984693878,23.5166121969295,1.0,15.6
synthetic,911,112,112,RGBA,118.54551977040816,59.5357959712482,1.0,23.0
synthetic,911,112,112,RGBA,146.49154974489795,41.02259432215031,1.0,23.6
synthetic,911,112,112,RGBA,119.85594706632654,64.06544026126447,1.0,21.6
synthetic,911,112,112,RGBA,137.82836415816325,88.58656510747473,1.0,19.4
synthetic,911,112,112,RGBA,73.78595344387755,29.958860883282142,1.0,18.2
synthetic,913,112,112,RGBA,65.15066964285714,32.99299268808248,1.0,22.8
synthetic,913,112,112,RGBA,72.41796875,31.287713964249885,1.0,20.5
synthetic,913,112,112,RGBA,32.031808035714285,31.86183490204848,1.0,16.9
synthetic,913,112,112,RGBA,19.56903698979592,22.91429833265059,1.0,15.0
synthetic,913,112,112,RGBA,76.48022959183673,43.62604076822183,1.0,22.5
synthetic,925,112,112,RGBA,106.13783482142857,44.91949350039924,1.0,21.1
synthetic,925,112,112,RGBA,135.38089923469389,52.22758074052161,1.0,18.5
synthetic,925,112,112,RGBA,111.56345663265306,51.98542271431853,1.0,21.8
synthetic,925,112,112,RGBA,128.7096619897959,60.43468483524795,1.0,21.8
synthetic,925,112,112,RGBA,84.27367665816327,39.134646097721635,1.0,19.0
synthetic,939,112,112,RGBA,92.64453125,46.0694507161655,1.0,21.1
synthetic,939,112,112,RGBA,89.8492506377551,69.33739324345956,1.0,22.5
synthetic,939,112,112,RGBA,69.3256536989796,67.7421692236263,1.0,15.2
synthetic,939,112,112,RGBA,41.44921875,27.872456946125652,1.0,17.6
synthetic,939,112,112,RGBA,50.720982142857146,34.12625847727589,1.0,20.8
synthetic,961,112,112,RGBA,119.4751275510204,72.36807371414535,1.0,19.5
synthetic,961,112,112,RGBA,39.329320790816325,37.90856995463574,1.0,17.3
synthetic,961,112,112,RGBA,94.9266581632653,58.154584668053126,1.0,19.5
synthetic,961,112,112,RGBA,60.79838966836735,52.50239238313574,1.0,21.2
synthetic,961,112,112,RGBA,37.41485969387755,39.265257529173994,1.0,19.6
synthetic,973,112,112,RGBA,96.73812181122449,57.366069851410394,1.0,22.5
synthetic,973,112,112,RGBA,128.2492825255102,66.59083574170396,1.0,21.1
synthetic,973,112,112,RGBA,110.18367346938776,46.98219106014262,1.0,23.1
synthetic,973,112,112,RGBA,77.8295599489796,40.527909490103085,1.0,21.9
synthetic,973,112,112,RGBA,103.58769132653062,49.31251336904324,1.0,22.3
synthetic,983,112,112,RGBA,99.29703443877551,46.33659781779296,1.0,20.2
synthetic,983,112,112,RGBA,99.18853635204081,48.15828022969377,1.0,22.7
synthetic,983,112,112,RGBA,50.68399234693877,29.76154078809721,1.0,19.4
synthetic,983,112,112,RGBA,82.19650829081633,47.74995876883366,1.0,21.8
synthetic,983,112,112,RGBA,113.74968112244898,58.55153325995994,1.0,21.3
synthetic,1006,112,112,RGBA,122.54025829081633,74.4696371351125,1.0,19.5
synthetic,1006,112,112,RGBA,60.81050701530612,33.644999854961874,1.0,20.7
synthetic,1006,112,112,RGBA,77.5717474489796,77.26790224342501,1.0,16.6
synthetic,1006,112,112,RGBA,47.43797831632653,37.79629306403186,1.0,17.6
synthetic,1006,112,112,RGBA,39.023995535714285,20.69638962414628,1.0,17.3
synthetic,1052,112,112,RGBA,143.97512755102042,40.275013459555844,1.0,20.3
synthetic,1052,112,112,RGBA,105.62244897959184,24.897628280671615,1.0,20.4
synthetic,1052,112,112,RGBA,71.68470982142857,33.437958974705865,1.0,18.6
synthetic,1052,112,112,RGBA,148.55923150510205,44.668940586367114,1.0,23.1
synthetic,1052,112,112,RGBA,87.5321269132653,46.20167001580353,1.0,23.7
synthetic,1069,112,112,RGBA,119.25669642857143,62.09453647672946,1.0,23.8
synthetic,1069,112,112,RGBA,131.84972895408163,50.33994904914905,1.0,18.3
synthetic,1069,112,112,RGBA,90.875,44.04294235951628,1.0,20.6
synthetic,1069,112,112,RGBA,98.46986607142857,28.755911949517262,1.0,20.4
synthetic,1069,112,112,RGBA,87.89110331632654,31.86877095889724,1.0,20.6
synthetic,1072,112,112,RGBA,89.34638073979592,42.41666309377306,1.0,19.0
synthetic,1072,112,112,RGBA,73.63887117346938,51.927570551871845,1.0,21.5
synthetic,1072,112,112,RGBA,48.65122767857143,24.15204007176225,1.0,17.6
synthetic,1072,112,112,RGBA,78.29926658163265,34.022928654173725,1.0,22.6
synthetic,1072,112,112,RGBA,64.43255739795919,46.22235362305357,1.0,21.4
synthetic,1117,112,112,RGBA,95.55668048469387,43.50320304388812,1.0,21.3
synthetic,1117,112,112,RGBA,98.25669642857143,30.724071112387904,1.0,21.3
synthetic,1117,112,112,RGBA,75.00111607142857,46.75323298631606,1.0,20.7
synthetic,1117,112,112,RGBA,53.93215880102041,31.15440386770919,1.0,19.7
synthetic,1117,112,112,RGBA,68.5610650510204,37.48708453626304,1.0,21.3
synthetic,1225,112,112,RGBA,100.31991390306122,79.6248163751302,1.0,21.8
synthetic,1225,112,112,RGBA,90.44068877551021,35.81695718831612,1.0,14.6
synthetic,1225,112,112,RGBA,119.30110012755102,62.30630684380361,1.0,20.4
synthetic,1225,112,112,RGBA,71.6475605867347,47.076045785968795,1.0,20.5
synthetic,1225,112,112,RGBA,74.27248086734694,39.47652793754107,1.0,19.9
synthetic,1240,112,112,RGBA,91.75956632653062,48.80742207187062,1.0,20.6
synthetic,1240,112,112,RGBA,70.796875,57.236774409694085,1.0,20.0
synthetic,1240,112,112,RGBA,95.67705676020408,37.2510729935256,1.0,22.0
synthetic,1240,112,112,RGBA,77.86248405612245,35.332844492793306,1.0,20.0
synthetic,1240,112,112,RGBA,109.5951849489796,65.38772115298552,1.0,18.6
synthetic,1245,112,112,RGBA,113.7586894132653,41.12218191066212,1.0,23.7
synthetic,1245,112,112,RGBA,76.60570790816327,36.53512278632194,1.0,19.6
synthetic,1245,112,112,RGBA,118.08777104591837,65.17597130581764,1.0,17.8
synthetic,1245,112,112,RGBA,66.3219068877551,31.040350503400944,1.0,18.4
synthetic,1245,112,112,RGBA,139.61073022959184,59.41554616909077,1.0,21.5
synthetic,1250,112,112,RGBA,53.20966198979592,54.25604407469963,1.0,16.7
synthetic,1250,112,112,RGBA,67.28228635204081,41.47277066503803,1.0,20.5
synthetic,1250,112,112,RGBA,75.19714604591837,33.34627606940215,1.0,19.5
synthetic,1250,112,112,RGBA,98.12683354591837,71.03580137617011,1.0,19.6
synthetic,1250,112,112,RGBA,92.84000318877551,69.45004552807745,1.0,20.0
synthetic,1272,112,112,RGBA,83.21029974489795,57.64862891343495,1.0,19.5
synthetic,1272,112,112,RGBA,84.14341517857143,34.957883958222574,1.0,19.5
synthetic,1272,112,112,RGBA,57.592793367346935,61.82508808681147,1.0,16.2
synthetic,1272,112,112,RGBA,114.06234056122449,47.88813066729048,1.0,19.1
synthetic,1272,112,112,RGBA,84.46301020408163,42.40934850877424,1.0,17.8
synthetic,1321,112,112,RGBA,114.31895727040816,53.07556887867871,1.0,24.7
synthetic,1321,112,112,RGBA,85.31624681122449,41.28186042406201,1.0,21.3
synthetic,1321,112,112,RGBA,51.73692602040816,39.73679131702884,1.0,18.9
synthetic,1321,112,112,RGBA,23.311144770408163,24.66594835896552,1.0,17.0
synthetic,1321,112,112,RGBA,113.72664221938776,45.13550111730802,1.0,21.9
synthetic,1326,112,112,RGBA,121.98732461734694,51.338788029120444,1.0,21.9
synthetic,1326,112,112,RGBA,92.01076211734694,59.136735650837494,1.0,20.8
synthetic,1326,112,112,RGBA,117.67689732142857,46.01487866009186,1.0,24.1
synthetic,1326,112,112,RGBA,68.68853635204081,19.968681855955523,1.0,18.3
synthetic,1326,112,112,RGBA,132.9658801020408,59.76235849362305,1.0,18.9
synthetic,1330,112,112,RGBA,80.91804846938776,46.27453650875059,1.0,18.7
synthetic,1330,112,112,RGBA,85.93973214285714,44.67278321738457,1.0,21.2
synthetic,1330,112,112,RGBA,86.68742028061224,67.37033048576254,1.0,16.4
synthetic,1330,112,112,RGBA,87.1241230867347,44.67976486889732,1.0,20.9
synthetic,1330,112,112,RGBA,85.34040178571429,31.973076510123978,1.0,19.6
synthetic,1338,112,112,RGBA,87.22943239795919,43.92923171465753,1.0,25.4
synthetic,1338,112,112,RGBA,122.89046556122449,29.878798937226577,1.0,18.0
synthetic,1338,112,112,RGBA,120.06186224489795,46.31260241500591,1.0,25.2
synthetic,1338,112,112,RGBA,129.66996173469389,31.10729359892236,1.0,17.5
synthetic,1338,112,112,RGBA,76.46580038265306,29.829817746924714,1.0,19.6
synthetic,1355,112,112,RGBA,46.7734375,28.21294090004642,1.0,17.3
synthetic,1355,112,112,RGBA,58.244897959183675,48.23544482260411,1.0,17.1
synthetic,1355,112,112,RGBA,101.74067283163265,28.585235794281015,1.0,16.5
synthetic,1355,112,112,RGBA,96.17904974489795,84.8080327083002,1.0,23.4
synthetic,1355,112,112,RGBA,59.84239477040816,52.06116507223345,1.0,17.1
synthetic,1361,112,112,RGBA,77.61639030612245,39.72831649929392,1.0,21.0
synthetic,1361,112,112,RGBA,70.86941964285714,23.658025637965967,1.0,18.4
synthetic,1361,112,112,RGBA,28.375717474489797,36.804249668343616,1.0,17.7
synthetic,1361,112,112,RGBA,140.64110331632654,53.85392498730055,1.0,21.0
synthetic,1361,112,112,RGBA,88.34454719387755,48.71227679913638,1.0,19.5
synthetic,1363,112,112,RGBA,68.26395089285714,33.61500906426244,1.0,19.4
synthetic,1363,112,112,RGBA,77.5727838010204,65.00696805051248,1.0,19.7
synthetic,1363,112,112,RGBA,74.83490114795919,56.07148905271236,1.0,17.3
synthetic,1363,112,112,RGBA,53.169563137755105,32.04817694758538,1.0,18.4
synthetic,1363,112,112,RGBA,88.31911670918367,32.827322424493204,1.0,19.4
synthetic,1373,112,112,RGBA,137.0040656887755,38.55876610177773,1.0,21.0
synthetic,1373,112,112,RGBA,62.02543048469388,32.28814990575283,1.0,19.2
synthetic,1373,112,112,RGBA,110.92394770408163,53.60813433438615,1.0,17.3
synthetic,1373,112,112,RGBA,83.28117028061224,28.985005184469237,1.0,19.7
synthetic,1373,112,112,RGBA,123.42235331632654,45.40299142602049,1.0,22.4
synthetic,1390,112,112,RGBA,62.829081632653065,51.78020564221891,1.0,19.9
synthetic,1390,112,112,RGBA,147.95519770408163,29.339221618036145,1.0,22.7
synthetic,1390,112,112,RGBA,109.97991071428571,69.61413724290246,1.0,18.8
synthetic,1390,112,112,RGBA,56.411830357142854,33.57703278210886,1.0,20.3
synthetic,1390,112,112,RGBA,96.58928571428571,44.60858863320985,1.0,22.4
synthetic,1407,112,112,RGBA,90.15417729591837,24.89579017408436,1.0,18.9
synthetic,1407,112,112,RGBA,65.55915178571429,39.74220389207045,1.0,20.0
synthetic,1407,112,112,RGBA,98.53117028061224,50.6887462512721,1.0,22.0
synthetic,1407,112,112,RGBA,59.91717155612245,33.07931117158638,1.0,22.8
synthetic,1407,112,112,RGBA,64.68463010204081,40.479819468154744,1.0,19.9
synthetic,1456,112,112,RGBA,58.69284119897959,30.883180664987567,1.0,21.8
synthetic,1456,112,112,RGBA,45.509486607142854,42.72929859562023,1.0,18.5
synthetic,1456,112,112,RGBA,63.22871492346939,34.37208106447979,1.0,19.9
synthetic,1456,112,112,RGBA,28.30564413265306,20.680175425846045,1.0,16.3
synthetic,1456,112,112,RGBA,26.86591198979592,22.481182720843858,1.0,15.8
synthetic,1461,112,112,RGBA,99.98756377551021,66.89791952992378,1.0,21.6
synthetic,1461,112,112,RGBA,89.93367346938776,55.60348329572409,1.0,20.3
synthetic,1461,112,112,RGBA,71.57868303571429,41.98931846437067,1.0,19.8
synthetic,1461,112,112,RGBA,106.18478954081633,42.4561088429063,1.0,23.2
synthetic,1461,112,112,RGBA,109.8968431122449,60.66423916528952,1.0,20.7
synthetic,1472,112,112,RGBA,114.65585140306122,80.09597604566356,1.0,19.1
synthetic,1472,112,112,RGBA,33.845424107142854,25.84938049019784,1.0,18.1
synthetic,1472,112,112,RGBA,57.14086415816327,23.125730981677187,1.0,19.0
synthetic,1472,112,112,RGBA,75.82979910714286,19.763625541350546,1.0,19.8
synthetic,1472,112,112,RGBA,24.11654974489796,20.386287885708988,1.0,15.8
synthetic,1482,112,112,RGBA,26.99545599489796,40.71414546203885,1.0,16.9
synthetic,1482,112,112,RGBA,125.38982780612245,43.53659481233004,1.0,23.0
synthetic,1482,112,112,RGBA,152.07310267857142,84.40328700288421,1.0,15.8
synthetic,1482,112,112,RGBA,136.02104591836735,43.903199739602606,1.0,19.2
synthetic,1482,112,112,RGBA,88.92920918367346,28.97169286363525,1.0,18.8
synthetic,1504,112,112,RGBA,107.42179528061224,55.7996622067662,1.0,21.1
synthetic,1504,112,112,RGBA,117.16972257653062,55.23402038042107,1.0,21.5
synthetic,1504,112,112,RGBA,93.84526466836735,46.866574632876485,1.0,21.7
synthetic,1504,112,112,RGBA,56.35411352040816,30.22431949306296,1.0,20.0
synthetic,1504,112,112,RGBA,103.65529336734694,23.64446121102898,1.0,18.5
synthetic,1506,112,112,RGBA,101.32047193877551,47.58273851271184,1.0,22.8
synthetic,1506,112,112,RGBA,84.88950892857143,34.95179677563921,1.0,22.2
synthetic,1506,112,112,RGBA,61.12906568877551,53.7071925843064,1.0,17.4
synthetic,1506,112,112,RGBA,90.92562181122449,38.041630162370076,1.0,21.7
synthetic,1506,112,112,RGBA,67.0186543367347,61.479560982470865,1.0,20.4
synthetic,1517,112,112,RGBA,118.55157844387755,49.513412482725684,1.0,20.3
synthetic,1517,112,112,RGBA,113.8219068877551,59.99639401099839,1.0,20.9
synthetic,1517,112,112,RGBA,146.76116071428572,33.976092704112645,1.0,17.9
synthetic,1517,112,112,RGBA,60.73294005102041,47.02175780471074,1.0,21.0
synthetic,1517,112,112,RGBA,100.79121492346938,38.79879066257804,1.0,22.4
synthetic,1527,112,112,RGBA,62.44244260204081,47.64840240970268,1.0,20.3
synthetic,1527,112,112,RGBA,114.7171556122449,59.053103309918505,1.0,21.2
synthetic,1527,112,112,RGBA,44.9602200255102,23.785525172511978,1.0,19.4
synthetic,1527,112,112,RGBA,47.607302295918366,38.672776874259625,1.0,19.1
synthetic,1527,112,112,RGBA,92.95679209183673,63.13699533768256,1.0,22.4
synthetic,1568,112,112,RGBA,56.021843112244895,28.96486922383662,1.0,19.4
synthetic,1568,112,112,RGBA,80.27814094387755,65.60948587649186,1.0,22.1
synthetic,1568,112,112,RGBA,62.944993622448976,43.86289374303426,1.0,20.5
synthetic,1568,112,112,RGBA,60.28252551020408,56.53146186515606,1.0,22.4
synthetic,1568,112,112,RGBA,85.8446269132653,51.18590455782625,1.0,22.3
synthetic,1586,112,112,RGBA,95.10100446428571,31.977173463512084,1.0,20.5
synthetic,1586,112,112,RGBA,56.613360969387756,25.606686463452437,1.0,20.0
synthetic,1586,112,112,RGBA,83.32294323979592,33.55867058700227,1.0,21.3
synthetic,1586,112,112,RGBA,70.37874681122449,58.933811708221704,1.0,19.6
synthetic,1586,112,112,RGBA,67.68773915816327,34.372787352585235,1.0,19.9
synthetic,1603,112,112,RGBA,16.403220663265305,14.646211805090525,1.0,14.3
synthetic,1603,112,112,RGBA,67.90800382653062,49.20656480717217,1.0,19.4
synthetic,1603,112,112,RGBA,78.07732780612245,35.09925906977432,1.0,20.1
synthetic,1603,112,112,RGBA,90.23979591836735,50.839248624696026,1.0,24.2
synthetic,1603,112,112,RGBA,62.427853954081634,34.861253220022185,1.0,18.9
synthetic,1611,112,112,RGBA,82.78316326530613,69.51159918032383,1.0,19.5
synthetic,1611,112,112,RGBA,53.782844387755105,26.575800193786648,1.0,18.5
synthetic,1611,112,112,RGBA,130.37133290816325,33.08742132414552,1.0,19.6
synthetic,1611,112,112,RGBA,88.13456632653062,38.07227750079632,1.0,20.6
synthetic,1611,112,112,RGBA,57.022480867346935,27.24590352036826,1.0,18.2
synthetic,1636,112,112,RGBA,133.50661670918367,68.0671793164423,1.0,21.1
synthetic,1636,112,112,RGBA,92.69411670918367,69.77769303279327,1.0,19.1
synthetic,1636,112,112,RGBA,76.82589285714286,30.451525743732013,1.0,21.8
synthetic,1636,112,112,RGBA,97.86686862244898,50.30325262859155,1.0,24.7
synthetic,1636,112,112,RGBA,99.16398278061224,40.630695918808016,1.0,24.8
synthetic,1652,112,112,RGBA,56.058514030612244,56.977413295560545,1.0,19.3
synthetic,1652,112,112,RGBA,54.220982142857146,34.711223774496204,1.0,20.3
synthetic,1652,112,112,RGBA,70.75215242346938,62.77210311403801,1.0,21.4
synthetic,1652,112,112,RGBA,81.77726403061224,44.56436821271165,1.0,22.0
synthetic,1652,112,112,RGBA,69.77830038265306,57.314894802694646,1.0,18.3
synthetic,1656,112,112,RGBA,89.09797512755102,35.8717606228856,1.0,20.8
synthetic,1656,112,112,RGBA,83.36057079081633,21.050458955821565,1.0,18.0
synthetic,1656,112,112,RGBA,74.95687181122449,68.66424131037742,1.0,17.5
synthetic,1656,112,112,RGBA,57.078683035714285,27.345999309589967,1.0,20.0
synthetic,1656,112,112,RGBA,101.81026785714286,50.667375214754735,1.0,22.8
synthetic,1662,112,112,RGBA,116.48397640306122,45.47830482857817,1.0,19.4
synthetic,1662,112,112,RGBA,72.62826849489795,32.92897284384011,1.0,20.1
synthetic,1662,112,112,RGBA,72.13265306122449,31.65203539256012,1.0,17.5
synthetic,1662,112,112,RGBA,79.1196588010204,28.820514944112073,1.0,18.9
synthetic,1662,112,112,RGBA,80.95974170918367,43.08758050985794,1.0,20.8
synthetic,1677,112,112,RGBA,62.05078125,30.29069494025563,1.0,21.2
synthetic,1677,112,112,RGBA,34.32525510204081,17.293937497563036,1.0,14.7
synthetic,1677,112,112,RGBA,76.1109693877551,58.32935298126792,1.0,17.7
synthetic,1677,112,112,RGBA,79.27407525510205,49.655462917492365,1.0,18.8
synthetic,1677,112,112,RGBA,47.58075573979592,37.2603783335799,1.0,17.2
synthetic,1718,112,112,RGBA,152.92155612244898,41.98786838428493,1.0,16.8
synthetic,1718,112,112,RGBA,97.53946109693878,42.8752291326702,1.0,18.0
synthetic,1718,112,112,RGBA,109.1937181122449,52.26560380058693,1.0,17.7
synthetic,1718,112,112,RGBA,45.898517219387756,29.329322677479766,1.0,17.6
synthetic,1718,112,112,RGBA,75.98477359693878,33.44056715352637,1.0,19.4
synthetic,1739,112,112,RGBA,58.19140625,43.37940840386012,1.0,19.8
synthetic,1739,112,112,RGBA,60.668526785714285,67.35285462412425,1.0,19.4
synthetic,1739,112,112,RGBA,72.20256696428571,29.219988688334716,1.0,17.9
synthetic,1739,112,112,RGBA,126.82780612244898,31.350522076555848,1.0,18.9
synthetic,1739,112,112,RGBA,112.66972257653062,45.35850203657654,1.0,20.9
synthetic,1781,112,112,RGBA,86.37938456632654,58.775083868973894,1.0,19.3
synthetic,1781,112,112,RGBA,105.8071588010204,76.89263865440086,1.0,22.4
synthetic,1781,112,112,RGBA,102.68287627551021,39.08068707413193,1.0,21.2
synthetic,1781,112,112,RGBA,63.890943877551024,56.73133824805492,1.0,18.1
synthetic,1781,112,112,RGBA,63.562181122448976,28.738292728817324,1.0,19.8
synthetic,1783,112,112,RGBA,122.83705357142857,58.70364469087101,1.0,21.2
synthetic,1783,112,112,RGBA,156.86320153061226,44.98995003087705,1.0,21.9
synthetic,1783,112,112,RGBA,140.8522799744898,52.37170402266801,1.0,23.1
synthetic,1783,112,112,RGBA,123.07597257653062,44.27779720970936,1.0,22.3
synthetic,1783,112,112,RGBA,109.99354272959184,99.48787008676283,1.0,16.1
synthetic,1791,112,112,RGBA,69.4009088010204,71.00030923736622,1.0,18.9
synthetic,1791,112,112,RGBA,58.666135204081634,30.146503691278205,1.0,19.2
synthetic,1791,112,112,RGBA,116.02120535714286,36.619151296273365,1.0,18.5
synthetic,1791,112,112,RGBA,34.15489477040816,20.06684865980731,1.0,15.7
synthetic,1791,112,112,RGBA,81.10467155612245,34.49645469232786,1.0,18.9
synthetic,1809,112,112,RGBA,76.70352359693878,51.44435707965808,1.0,18.1
synthetic,1809,112,112,RGBA,145.40672831632654,36.71092309344205,1.0,21.7
synthetic,1809,112,112,RGBA,80.88073979591837,58.89479252831019,1.0,21.8
synthetic,1809,112,112,RGBA,58.607541454081634,48.765781824220674,1.0,17.6
synthetic,1809,112,112,RGBA,65.28898278061224,30.44693840877627,1.0,20.3
synthetic,1862,112,112,RGBA,109.7711256377551,58.626374694041104,1.0,18.1
synthetic,1862,112,112,RGBA,138.3796237244898,36.74749036080696,1.0,19.6
synthetic,1862,112,112,RGBA,114.37181122448979,61.87036925598979,1.0,23.9
synthetic,1862,112,112,RGBA,44.15712691326531,38.16982905432233,1.0,17.7
synthetic,1862,112,112,RGBA,65.39819834183673,62.15800949254614,1.0,18.4
synthetic,1865,112,112,RGBA,57.505739795918366,49.21174540109393,1.0,19.9
synthetic,1865,112,112,RGBA,50.30030293367347,65.60907833998674,1.0,15.3
synthetic,1865,112,112,RGBA,67.88464604591837,46.862685527702524,1.0,21.0
synthetic,1865,112,112,RGBA,36.28714923469388,36.87716796685709,1.0,18.7
synthetic,1865,112,112,RGBA,27.079639668367346,27.421030283040544,1.0,15.8
synthetic,1888,112,112,RGBA,52.54384566326531,38.323575242852115,1.0,17.3
synthetic,1888,112,112,RGBA,38.09223533163265,27.112580452468148,1.0,20.1
synthetic,1888,112,112,RGBA,44.48612882653061,18.946002726835033,1.0,16.7
synthetic,1888,112,112,RGBA,88.56704400510205,38.6551831411107,1.0,20.6
synthetic,1888,112,112,RGBA,81.30620216836735,34.062637939094536,1.0,24.1
synthetic,1900,112,112,RGBA,128.85961415816325,65.60963606627524,1.0,19.2
synthetic,1900,112,112,RGBA,68.74673150510205,57.0218839219941,1.0,20.1
synthetic,1900,112,112,RGBA,99.4461894132653,42.890606055861724,1.0,19.3
synthetic,1900,112,112,RGBA,134.12149234693877,59.07520638997209,1.0,17.7
synthetic,1900,112,112,RGBA,78.17012117346938,73.60450829734889,1.0,21.6
synthetic,1941,112,112,RGBA,71.04910714285714,31.21566959941018,1.0,18.0
synthetic,1941,112,112,RGBA,69.19706632653062,36.75300519179695,1.0,21.2
synthetic,1941,112,112,RGBA,88.69108737244898,40.37620240079505,1.0,21.6
synthetic,1941,112,112,RGBA,52.85746173469388,41.04816804602564,1.0,19.3
synthetic,1941,112,112,RGBA,87.43032525510205,31.309587455017553,1.0,21.7
synthetic,1958,112,112,RGBA,102.11726721938776,47.464405383126284,1.0,25.1
synthetic,1958,112,112,RGBA,40.16095344387755,21.365203990728347,1.0,18.8
synthetic,1958,112,112,RGBA,96.72696109693878,50.80425388833372,1.0,22.9
synthetic,1958,112,112,RGBA,122.8696588010204,39.36658062332655,1.0,20.8
synthetic,1958,112,112,RGBA,87.41764987244898,27.965806455408906,1.0,20.0
synthetic,1990,112,112,RGBA,106.66757015306122,57.79177701366228,1.0,19.1
synthetic,1990,112,112,RGBA,91.54145408163265,73.31188314407524,1.0,20.5
synthetic,1990,112,112,RGBA,134.90194515306123,31.198221635314013,1.0,20.6
synthetic,1990,112,112,RGBA,80.44060905612245,50.78569682550905,1.0,20.4
synthetic,1990,112,112,RGBA,94.57932079081633,63.5769617098282,1.0,17.7
synthetic,1991,112,112,RGBA,75.0413743622449,28.328390884877923,1.0,20.6
synthetic,1991,112,112,RGBA,95.82995854591837,44.271851500317204,1.0,22.2
synthetic,1991,112,112,RGBA,88.09335140306122,37.142210766082265,1.0,20.6
synthetic,1991,112,112,RGBA,62.943000637755105,52.40121920976306,1.0,16.6
synthetic,1991,112,112,RGBA,104.55851403061224,41.97287245992098,1.0,19.2
casia_webface,77,112,112,RGB,148.60730229591837,46.0104884642327,1.0,5.4
casia_webface,77,112,112,RGB,136.9765625,38.99762174420386,1.0,4.8
casia_webface,77,112,112,RGB,133.3663105867347,40.628792800632155,1.0,5.2
casia_webface,77,112,112,RGB,81.55731823979592,33.23724819273565,1.0,3.9
casia_webface,77,112,112,RGB,121.62523915816327,41.3067050426416,1.0,4.5
casia_webface,90,112,112,RGB,150.64636479591837,62.81615779927043,1.0,6.8
casia_webface,90,112,112,RGB,151.6834343112245,59.54193096616868,1.0,5.5
casia_webface,90,112,112,RGB,160.88464604591837,80.71634996709896,1.0,6.8
casia_webface,90,112,112,RGB,140.70758928571428,38.42075755070544,1.0,6.9
casia_webface,90,112,112,RGB,94.83816964285714,56.296771572683774,1.0,4.8
casia_webface,145,112,112,RGB,145.41358418367346,54.56020996934053,1.0,5.0
casia_webface,145,112,112,RGB,139.77981505102042,30.363573175537198,1.0,4.0
casia_webface,145,112,112,RGB,147.78914221938774,55.15603683485597,1.0,4.5
casia_webface,145,112,112,RGB,91.56584821428571,50.59054289177083,1.0,4.5
casia_webface,145,112,112,RGB,104.32389987244898,64.81346922972119,1.0,6.0
casia_webface,231,112,112,RGB,99.8529974489796,66.1598617446131,1.0,7.0
casia_webface,231,112,112,RGB,125.33928571428571,54.11589097125025,1.0,6.4
casia_webface,231,112,112,RGB,106.3579400510204,73.12570362537095,1.0,6.1
casia_webface,231,112,112,RGB,112.9976881377551,47.20646153440406,1.0,6.2
casia_webface,231,112,112,RGB,133.50900829081633,62.001723574822144,1.0,6.2
casia_webface,261,112,112,RGB,79.3687818877551,66.90390969571453,1.0,6.2
casia_webface,261,112,112,RGB,130.36551339285714,54.51977202977861,1.0,5.1
casia_webface,261,112,112,RGB,68.85953443877551,45.65457220589917,1.0,5.4
casia_webface,261,112,112,RGB,111.64939413265306,62.86587426381943,1.0,6.6
casia_webface,261,112,112,RGB,114.09701849489795,46.065156453330445,1.0,6.2
casia_webface,468,112,112,RGB,109.64070471938776,39.33934210667514,1.0,6.6
casia_webface,468,112,112,RGB,133.79241071428572,44.626555449993155,1.0,4.8
casia_webface,468,112,112,RGB,131.55022321428572,52.26972881441828,1.0,5.4
casia_webface,468,112,112,RGB,106.74513711734694,36.02582447310774,1.0,5.4
casia_webface,468,112,112,RGB,101.42705676020408,42.38157951988216,1.0,5.7
casia_webface,610,112,112,RGB,123.22536670918367,58.12864392812654,1.0,6.2
casia_webface,610,112,112,RGB,131.21627869897958,60.92463838359919,1.0,5.7
casia_webface,610,112,112,RGB,107.5360331632653,68.68521861694904,1.0,6.5
casia_webface,610,112,112,RGB,115.25996492346938,50.98660636451693,1.0,6.4
casia_webface,610,112,112,RGB,155.12157206632654,50.21089896832339,1.0,5.2
casia_webface,882,112,112,RGB,133.3703762755102,65.22984360060538,1.0,4.0
casia_webface,882,112,112,RGB,110.28117028061224,58.569061167598655,1.0,6.0
casia_webface,882,112,112,RGB,121.31010841836735,43.40481691285249,1.0,4.5
casia_webface,882,112,112,RGB,124.83107461734694,63.39778970190952,1.0,5.7
casia_webface,882,112,112,RGB,110.91270727040816,59.002187117925956,1.0,4.1
casia_webface,1106,112,112,RGB,99.38217474489795,69.66145691086251,1.0,4.7
casia_webface,1106,112,112,RGB,139.74800701530611,39.664187924938645,1.0,5.9
casia_webface,1106,112,112,RGB,189.29639668367346,45.388209970906,1.0,4.3
casia_webface,1106,112,112,RGB,102.24481823979592,69.69562399062605,1.0,4.4
casia_webface,1106,112,112,RGB,133.3985969387755,53.38934309335134,1.0,6.5
casia_webface,1265,112,112,RGB,114.24633290816327,62.49441737268552,1.0,7.0
casia_webface,1265,112,112,RGB,110.95232780612245,58.615319663895946,1.0,5.0
casia_webface,1265,112,112,RGB,115.68263711734694,75.25521181395318,1.0,5.3
casia_webface,1265,112,112,RGB,112.5053411989796,55.22951708036905,1.0,5.0
casia_webface,1265,112,112,RGB,73.93757971938776,40.359311853968904,1.0,5.2
casia_webface,1503,112,112,RGB,86.37922512755102,37.764415397539786,1.0,4.3
casia_webface,1503,112,112,RGB,65.17785395408163,31.231579019440375,1.0,4.9
casia_webface,1503,112,112,RGB,117.80827487244898,25.81423701515203,1.0,6.1
casia_webface,1503,112,112,RGB,118.14883609693878,42.03426263102036,1.0,6.0
casia_webface,1503,112,112,RGB,130.4383769132653,43.275849341967294,1.0,5.1
casia_webface,1578,112,112,RGB,163.06632653061226,66.34068135448302,1.0,4.2
casia_webface,1578,112,112,RGB,149.49123086734693,64.75052881464198,1.0,5.8
casia_webface,1578,112,112,RGB,159.30779655612244,72.74805525789365,1.0,6.3
casia_webface,1578,112,112,RGB,128.27319834183675,73.78694311511462,1.0,7.1
casia_webface,1578,112,112,RGB,94.35092474489795,57.155427767203264,1.0,4.9
casia_webface,1799,112,112,RGB,90.02933673469387,53.069509738133,1.0,6.2
casia_webface,1799,112,112,RGB,78.58466198979592,46.940386444312125,1.0,3.8
casia_webface,1799,112,112,RGB,131.0804368622449,50.33595982970345,1.0,4.8
casia_webface,1799,112,112,RGB,133.30508609693877,45.441781122449385,1.0,5.5
casia_webface,1799,112,112,RGB,54.70591517857143,50.38892908362248,1.0,6.1
casia_webface,1872,112,112,RGB,73.38161670918367,40.67317022574933,1.0,5.7
casia_webface,1872,112,112,RGB,100.96133609693878,68.07153294569684,1.0,5.0
casia_webface,1872,112,112,RGB,99.61973852040816,65.10138540825751,1.0,5.0
casia_webface,1872,112,112,RGB,82.59773596938776,66.56146831126637,1.0,5.8
casia_webface,1872,112,112,RGB,87.08211096938776,68.073693131519,1.0,4.8
casia_webface,1895,112,112,RGB,106.09901147959184,52.092077943599165,1.0,7.4
casia_webface,1895,112,112,RGB,81.36256377551021,51.964992217175755,1.0,4.6
casia_webface,1895,112,112,RGB,111.49147002551021,59.82617857427265,1.0,5.6
casia_webface,1895,112,112,RGB,69.35355548469387,46.49684796123783,1.0,4.9
casia_webface,1895,112,112,RGB,109.95631377551021,58.55656392112232,1.0,6.2
casia_webface,2019,112,112,RGB,81.5859375,36.7269721682043,1.0,5.6
casia_webface,2019,112,112,RGB,117.30420918367346,45.356419722999476,1.0,7.0
casia_webface,2019,112,112,RGB,130.43335459183675,42.26016161729842,1.0,5.5
casia_webface,2019,112,112,RGB,156.58035714285714,44.3097707918643,1.0,6.5
casia_webface,2019,112,112,RGB,93.36375956632654,32.057805586212794,1.0,5.3
casia_webface,2021,112,112,RGB,119.75573979591837,74.21712878827334,1.0,6.6
casia_webface,2021,112,112,RGB,77.54145408163265,60.57746693013303,1.0,4.2
casia_webface,2021,112,112,RGB,148.1329719387755,59.537413610971605,1.0,6.2
casia_webface,2021,112,112,RGB,118.58729272959184,62.54518163736347,1.0,5.1
casia_webface,2021,112,112,RGB,89.15162627551021,49.7788537421337,1.0,6.0
casia_webface,2038,112,112,RGB,80.31026785714286,40.48286599555381,1.0,4.9
casia_webface,2038,112,112,RGB,101.89572704081633,55.24429425803493,1.0,6.2
casia_webface,2038,112,112,RGB,110.95479910714286,61.99132629104787,1.0,4.1
casia_webface,2038,112,112,RGB,79.05660076530613,60.35625119101549,1.0,6.4
casia_webface,2038,112,112,RGB,93.63751594387755,54.14909440447147,1.0,4.6
casia_webface,2441,112,112,RGB,105.73022959183673,59.212156589314425,1.0,4.3
casia_webface,2441,112,112,RGB,125.45766900510205,59.23481135661882,1.0,3.9
casia_webface,2441,112,112,RGB,120.09901147959184,43.38411969989794,1.0,6.0
casia_webface,2441,112,112,RGB,117.69889987244898,76.25258848108193,1.0,5.7
casia_webface,2441,112,112,RGB,114.7821269132653,41.26514250596336,1.0,5.1
casia_webface,2557,112,112,RGB,87.69132653061224,39.92200904449173,1.0,4.5
casia_webface,2557,112,112,RGB,66.82413903061224,45.0847328418329,1.0,6.4
casia_webface,2557,112,112,RGB,88.67769451530613,43.47066796276103,1.0,4.7
casia_webface,2557,112,112,RGB,88.71978635204081,59.60359195175483,1.0,4.1
casia_webface,2557,112,112,RGB,111.66462053571429,55.35285557893546,1.0,4.9
casia_webface,2558,112,112,RGB,96.89795918367346,54.57835492383598,1.0,5.4
casia_webface,2558,112,112,RGB,78.12611607142857,27.186472952063166,1.0,3.5
casia_webface,2558,112,112,RGB,101.39046556122449,47.623439482844056,1.0,4.6
casia_webface,2558,112,112,RGB,145.69029017857142,55.22749490955274,1.0,5.8
casia_webface,2558,112,112,RGB,123.16422193877551,49.07143482825629,1.0,4.0
casia_webface,2734,112,112,RGB,120.41725127551021,50.32605590197383,1.0,6.8
casia_webface,2734,112,112,RGB,97.02024872448979,44.671202480575616,1.0,6.0
casia_webface,2734,112,112,RGB,154.46149553571428,55.010378052024315,1.0,6.0
casia_webface,2734,112,112,RGB,112.29671556122449,54.32105260204458,1.0,6.7
casia_webface,2734,112,112,RGB,98.98708545918367,72.36133704210252,1.0,6.9
casia_webface,2822,112,112,RGB,68.63408801020408,37.48024401366521,1.0,4.3
casia_webface,2822,112,112,RGB,88.16908482142857,49.72793516687494,1.0,4.1
casia_webface,2822,112,112,RGB,83.1468431122449,33.854983066410135,1.0,3.9
casia_webface,2822,112,112,RGB,56.388791454081634,40.90881323145727,1.0,4.5
casia_webface,2822,112,112,RGB,98.6226881377551,76.94003345879999,1.0,6.1
casia_webface,2937,112,112,RGB,119.73891900510205,61.70961067035306,1.0,5.1
casia_webface,2937,112,112,RGB,162.9586256377551,62.57294055392642,1.0,4.6
casia_webface,2937,112,112,RGB,51.36304209183673,35.45472049729902,1.0,4.6
casia_webface,2937,112,112,RGB,90.53188775510205,53.75150926697033,1.0,5.3
casia_webface,2937,112,112,RGB,112.95384247448979,71.51047997598747,1.0,6.0
casia_webface,3062,112,112,RGB,89.0102838010204,63.22025400182019,1.0,5.7
casia_webface,3062,112,112,RGB,89.13544323979592,53.98899087182854,1.0,5.3
casia_webface,3062,112,112,RGB,78.40577168367346,31.896729565800158,1.0,3.9
casia_webface,3062,112,112,RGB,58.50302933673469,41.37647382857055,1.0,5.3
casia_webface,3062,112,112,RGB,156.06361607142858,86.35514758380039,1.0,5.6
casia_webface,3209,112,112,RGB,106.10618622448979,56.93603234624509,1.0,5.4
casia_webface,3209,112,112,RGB,108.15561224489795,63.46116179611678,1.0,5.5
casia_webface,3209,112,112,RGB,87.41334502551021,65.6645178671992,1.0,4.4
casia_webface,3209,112,112,RGB,110.79288903061224,59.75829952985125,1.0,4.7
casia_webface,3209,112,112,RGB,109.60467155612245,52.6406783856948,1.0,5.7
casia_webface,3210,112,112,RGB,162.20320471938774,44.92860428184329,1.0,6.3
casia_webface,3210,112,112,RGB,136.04551977040816,42.793119038072284,1.0,7.2
casia_webface,3210,112,112,RGB,121.41286670918367,66.97718135552174,1.0,6.7
casia_webface,3210,112,112,RGB,138.12452168367346,44.650541746756744,1.0,6.3
casia_webface,3210,112,112,RGB,70.97991071428571,46.18098558204191,1.0,4.7
casia_webface,3247,112,112,RGB,113.81401466836735,67.92370038034942,1.0,5.1
casia_webface,3247,112,112,RGB,117.61344068877551,66.3853021124953,1.0,5.2
casia_webface,3247,112,112,RGB,80.27192283163265,46.826450599028206,1.0,4.4
casia_webface,3247,112,112,RGB,125.0030293367347,43.993342823226044,1.0,5.2
casia_webface,3247,112,112,RGB,61.185905612244895,50.937185009130175,1.0,3.4
casia_webface,3338,112,112,RGB,139.8751594387755,58.70929882182719,1.0,4.8
casia_webface,3338,112,112,RGB,104.93542729591837,53.154812835337545,1.0,5.1
casia_webface,3338,112,112,RGB,101.57358099489795,62.528075380881425,1.0,6.4
casia_webface,3338,112,112,RGB,155.93893494897958,61.60069144803385,1.0,4.6
casia_webface,3338,112,112,RGB,164.98054846938774,42.559984729900755,1.0,6.7
casia_webface,3482,112,112,RGB,70.0234375,47.24175664157243,1.0,5.0
casia_webface,3482,112,112,RGB,126.52782206632654,45.102151886125746,1.0,4.5
casia_webface,3482,112,112,RGB,128.70870535714286,45.90881949451567,1.0,5.2
casia_webface,3482,112,112,RGB,115.11870216836735,50.858799892490666,1.0,6.1
casia_webface,3482,112,112,RGB,123.32844387755102,53.408126706932805,1.0,6.5
casia_webface,3558,112,112,RGB,118.08091517857143,56.64572034336372,1.0,6.0
casia_webface,3558,112,112,RGB,106.27997448979592,49.0294472454384,1.0,6.2
casia_webface,3558,112,112,RGB,148.0338807397959,55.96238871731184,1.0,6.2
casia_webface,3558,112,112,RGB,112.75175382653062,54.327849426672074,1.0,5.5
casia_webface,3558,112,112,RGB,126.15043048469387,70.55022744999341,1.0,6.6
casia_webface,3574,112,112,RGB,143.58976403061226,42.03192964295887,1.0,6.4
casia_webface,3574,112,112,RGB,161.48923788265307,43.12567892388731,1.0,6.3
casia_webface,3574,112,112,RGB,131.10355548469389,68.55719746382012,1.0,5.4
casia_webface,3574,112,112,RGB,180.09709821428572,41.78088889107817,1.0,6.2
casia_webface,3574,112,112,RGB,166.11001275510205,39.57171280841498,1.0,6.1
casia_webface,3587,112,112,RGB,79.55707908163265,38.87133440804565,1.0,4.9
casia_webface,3587,112,112,RGB,87.7320631377551,25.711480601285864,1.0,3.9
casia_webface,3587,112,112,RGB,100.99027423469387,43.004965316682686,1.0,3.8
casia_webface,3587,112,112,RGB,128.5681600765306,46.531929701603694,1.0,3.9
casia_webface,3587,112,112,RGB,140.85993303571428,58.17159018664054,1.0,6.4
casia_webface,3853,112,112,RGB,30.238042091836736,33.68589812734978,1.0,4.4
casia_webface,3853,112,112,RGB,156.6961894132653,65.3224324652987,1.0,5.8
casia_webface,3853,112,112,RGB,137.78667091836735,52.14727165401879,1.0,5.1
casia_webface,3853,112,112,RGB,144.4610969387755,45.14598187163358,1.0,5.1
casia_webface,3853,112,112,RGB,91.62460140306122,41.07664490167266,1.0,4.3
casia_webface,3892,112,112,RGB,103.6045918367347,82.71165971242762,1.0,6.5
casia_webface,3892,112,112,RGB,105.64668367346938,59.49510415865256,1.0,4.7
casia_webface,3892,112,112,RGB,169.85889668367346,61.512927601017324,1.0,5.8
casia_webface,3892,112,112,RGB,73.21779336734694,64.10377340709931,1.0,5.9
casia_webface,3892,112,112,RGB,115.28866390306122,80.22873557397642,1.0,5.2
casia_webface,4046,112,112,RGB,95.87986288265306,38.834063640485006,1.0,5.3
casia_webface,4046,112,112,RGB,111.36997767857143,46.724569789373696,1.0,5.6
casia_webface,4046,112,112,RGB,149.32565369897958,46.68407094119825,1.0,4.4
casia_webface,4046,112,112,RGB,155.52598852040816,50.28434416868095,1.0,5.4
casia_webface,4046,112,112,RGB,103.26570471938776,68.33864611001636,1.0,4.9
casia_webface,4128,112,112,RGB,150.17801339285714,47.451703676134514,1.0,5.3
casia_webface,4128,112,112,RGB,115.90888073979592,31.011617374846626,1.0,3.8
casia_webface,4128,112,112,RGB,170.0578762755102,46.04099907136893,1.0,6.5
casia_webface,4128,112,112,RGB,122.87061543367346,78.06152677088993,1.0,6.4
casia_webface,4128,112,112,RGB,175.62986288265307,57.55710233988819,1.0,6.1
casia_webface,4201,112,112,RGB,164.03101084183675,61.60217043648585,1.0,4.9
casia_webface,4201,112,112,RGB,114.76729910714286,66.43209580830067,1.0,6.8
casia_webface,4201,112,112,RGB,111.19204400510205,50.74922586464062,1.0,5.0
casia_webface,4201,112,112,RGB,97.60738201530613,39.58815538654095,1.0,5.0
casia_webface,4201,112,112,RGB,99.09095982142857,57.77847469138422,1.0,5.6
casia_webface,4273,112,112,RGB,108.16948341836735,74.80293928466982,1.0,6.5
casia_webface,4273,112,112,RGB,135.14955357142858,75.59922051620535,1.0,6.2
casia_webface,4273,112,112,RGB,132.41605548469389,67.47992521213014,1.0,6.7
casia_webface,4273,112,112,RGB,86.52869897959184,68.86679646941919,1.0,5.3
casia_webface,4273,112,112,RGB,68.24115114795919,44.34940652947562,1.0,5.7
casia_webface,4389,112,112,RGB,118.56680484693878,59.91696796290286,1.0,5.5
casia_webface,4389,112,112,RGB,72.98899872448979,39.760159145147384,1.0,5.7
casia_webface,4389,112,112,RGB,129.66597576530611,41.35256501316188,1.0,3.7
casia_webface,4389,112,112,RGB,151.65377869897958,68.25449763770155,1.0,3.6
casia_webface,4389,112,112,RGB,117.61774553571429,73.55829031107791,1.0,6.5
casia_webface,4437,112,112,RGB,78.83051658163265,44.54766787241391,1.0,5.3
casia_webface,4437,112,112,RGB,109.10913584183673,58.17919050100921,1.0,7.2
casia_webface,4437,112,112,RGB,126.92171556122449,68.39004628961459,1.0,6.8
casia_webface,4437,112,112,RGB,88.64277742346938,37.73630086365983,1.0,5.4
casia_webface,4437,112,112,RGB,67.06138392857143,55.55501124205763,1.0,5.2
casia_webface,4535,112,112,RGB,108.70272640306122,71.48421519400952,1.0,5.9
casia_webface,4535,112,112,RGB,90.94395727040816,78.85879955980486,1.0,4.9
casia_webface,4535,112,112,RGB,85.83163265306122,49.033537701539764,1.0,5.3
casia_webface,4535,112,112,RGB,117.30086096938776,57.28052790268043,1.0,4.8
casia_webface,4535,112,112,RGB,93.30620216836735,36.81293297520845,1.0,5.0
casia_webface,4542,112,112,RGB,98.80891262755102,38.76152412941831,1.0,4.9
casia_webface,4542,112,112,RGB,107.07692920918367,68.34564924931243,1.0,6.1
casia_webface,4542,112,112,RGB,93.79767219387755,55.202920607164536,1.0,5.6
casia_webface,4542,112,112,RGB,96.83179209183673,55.52845976483351,1.0,5.1
casia_webface,4542,112,112,RGB,98.97257653061224,47.995635635390464,1.0,6.1
casia_webface,4731,112,112,RGB,105.19060905612245,45.35071598673116,1.0,5.6
casia_webface,4731,112,112,RGB,58.969068877551024,33.80609236921458,1.0,4.3
casia_webface,4731,112,112,RGB,95.14787946428571,37.91184630441995,1.0,4.9
casia_webface,4731,112,112,RGB,111.95352359693878,53.309937631510984,1.0,5.1
casia_webface,4731,112,112,RGB,85.8211894132653,28.626350571714234,1.0,3.6
casia_webface,4916,112,112,RGB,103.59343112244898,65.29682307381823,1.0,6.0
casia_webface,4916,112,112,RGB,50.93423150510204,49.24811967186425,1.0,4.7
casia_webface,4916,112,112,RGB,124.17801339285714,67.94238507309512,1.0,6.6
casia_webface,4916,112,112,RGB,128.5735012755102,60.20386167915565,1.0,5.2
casia_webface,4916,112,112,RGB,116.30755739795919,79.89640107426885,1.0,6.9
casia_webface,5024,112,112,RGB,100.39190051020408,38.3703852601262,1.0,4.7
casia_webface,5024,112,112,RGB,132.04942602040816,65.27259079709052,1.0,5.0
casia_webface,5024,112,112,RGB,85.55564413265306,36.06175077962419,1.0,4.5
casia_webface,5024,112,112,RGB,76.13329081632654,42.340269632323725,1.0,5.5
casia_webface,5024,112,112,RGB,161.59032206632654,67.75294376717673,1.0,5.5
casia_webface,5076,112,112,RGB,83.92115752551021,53.631374960607126,1.0,5.1
casia_webface,5076,112,112,RGB,94.98724489795919,50.86921440111852,1.0,5.4
casia_webface,5076,112,112,RGB,81.46978635204081,53.45758629314027,1.0,6.2
casia_webface,5076,112,112,RGB,99.86838329081633,50.71243213791746,1.0,4.9
casia_webface,5076,112,112,RGB,122.81058673469387,54.76604632911791,1.0,5.9
casia_webface,5141,112,112,RGB,116.73588966836735,62.37919958618688,1.0,8.0
casia_webface,5141,112,112,RGB,95.78228635204081,66.85868245996774,1.0,4.7
casia_webface,5141,112,112,RGB,108.1663743622449,65.31783420795202,1.0,4.8
casia_webface,5141,112,112,RGB,90.62308673469387,60.67830075540931,1.0,7.4
casia_webface,5141,112,112,RGB,77.25430484693878,55.53700530161267,1.0,4.9
casia_webface,5176,112,112,RGB,181.52957589285714,44.67700749816455,1.0,5.4
casia_webface,5176,112,112,RGB,76.73309948979592,55.07441511575173,1.0,5.5
casia_webface,5176,112,112,RGB,83.86973852040816,28.393790911114305,1.0,4.3
casia_webface,5176,112,112,RGB,112.78531568877551,51.50380538059521,1.0,5.3
casia_webface,5176,112,112,RGB,82.5415338010204,35.629240663386234,1.0,4.7
casia_webface,5255,112,112,RGB,115.22783801020408,49.41647124853648,1.0,6.0
casia_webface,5255,112,112,RGB,92.38161670918367,57.710215087517014,1.0,6.8
casia_webface,5255,112,112,RGB,137.45886479591837,79.47402968661952,1.0,5.6
casia_webface,5255,112,112,RGB,33.14556760204081,27.382454303726778,1.0,3.5
casia_webface,5255,112,112,RGB,99.76546556122449,47.15085159461098,1.0,4.3
casia_webface,5312,112,112,RGB,148.20264668367346,62.65636617764313,1.0,6.4
casia_webface,5312,112,112,RGB,49.80883290816327,56.0960745292572,1.0,5.0
casia_webface,5312,112,112,RGB,86.46659757653062,48.592248692590836,1.0,5.9
casia_webface,5312,112,112,RGB,77.57597257653062,75.59090962856406,1.0,7.0
casia_webface,5312,112,112,RGB,131.5193718112245,81.96109319794556,1.0,6.6
casia_webface,5448,112,112,RGB,153.79544005102042,58.137451417034875,1.0,7.0
casia_webface,5448,112,112,RGB,149.7450573979592,55.63871555679985,1.0,6.6
casia_webface,5448,112,112,RGB,121.54799107142857,52.16586844657755,1.0,6.2
casia_webface,5448,112,112,RGB,101.42904974489795,62.254482600182314,1.0,6.8
casia_webface,5448,112,112,RGB,154.91549744897958,59.22076801613529,1.0,6.9
casia_webface,5556,112,112,RGB,93.54727359693878,66.47591916613521,1.0,5.7
casia_webface,5556,112,112,RGB,122.6859056122449,36.365483348284485,1.0,4.4
casia_webface,5556,112,112,RGB,129.0099649234694,53.21466903803735,1.0,7.1
casia_webface,5556,112,112,RGB,83.11136798469387,36.61385110457106,1.0,5.5
casia_webface,5556,112,112,RGB,102.86248405612245,63.77781492601975,1.0,4.4
casia_webface,5589,112,112,RGB,144.99386160714286,41.15931641504517,1.0,4.3
casia_webface,5589,112,112,RGB,143.1708386479592,51.70968471539492,1.0,5.1
casia_webface,5589,112,112,RGB,166.81202168367346,38.437530847766475,1.0,4.2
casia_webface,5589,112,112,RGB,135.05867346938774,47.574524325756,1.0,5.8
casia_webface,5589,112,112,RGB,71.6977838010204,25.852859036160087,1.0,4.7
casia_webface,5599,112,112,RGB,137.64620535714286,37.59808797873647,1.0,6.0
casia_webface,5599,112,112,RGB,56.80795599489796,23.965776589628426,1.0,4.0
casia_webface,5599,112,112,RGB,171.4415656887755,51.53719398155565,1.0,6.1
casia_webface,5599,112,112,RGB,131.6092155612245,39.13234100814201,1.0,4.4
casia_webface,5599,112,112,RGB,142.87149234693877,49.87569277118418,1.0,5.6
casia_webface,5672,112,112,RGB,143.73604910714286,75.44531331518996,1.0,5.4
casia_webface,5672,112,112,RGB,145.97767857142858,52.87954984012858,1.0,5.8
casia_webface,5672,112,112,RGB,79.55548469387755,60.056572356266216,1.0,6.1
casia_webface,5672,112,112,RGB,99.5491868622449,59.36656200226613,1.0,6.6
casia_webface,5672,112,112,RGB,110.98573022959184,69.82802560957754,1.0,6.7
casia_webface,5840,112,112,RGB,111.58426339285714,49.480540564737,1.0,5.0
casia_webface,5840,112,112,RGB,98.73533163265306,66.33056043671878,1.0,6.3
casia_webface,5840,112,112,RGB,110.68016581632654,69.03673209450771,1.0,5.9
casia_webface,5840,112,112,RGB,76.61200573979592,43.85383144629868,1.0,4.2
casia_webface,5840,112,112,RGB,168.65975765306123,72.07725637766093,1.0,6.4
casia_webface,5983,112,112,RGB,108.7079081632653,65.49036223658655,1.0,5.4
casia_webface,5983,112,112,RGB,45.84893176020408,30.40852364719851,1.0,5.3
casia_webface,5983,112,112,RGB,83.1733099489796,30.234744350787935,1.0,4.4
casia_webface,5983,112,112,RGB,117.55915178571429,31.178226389760287,1.0,3.5
casia_webface,5983,112,112,RGB,54.84685905612245,35.61484237601867,1.0,5.3
casia_webface,6140,112,112,RGB,26.264588647959183,18.158090900995063,1.0,3.1
casia_webface,6140,112,112,RGB,91.44595025510205,59.843363085732335,1.0,5.1
casia_webface,6140,112,112,RGB,120.4241868622449,63.550214597020265,1.0,4.4
casia_webface,6140,112,112,RGB,101.42315051020408,54.831339202108985,1.0,6.3
casia_webface,6140,112,112,RGB,78.54998405612245,62.84995054478475,1.0,5.6
casia_webface,6152,112,112,RGB,76.1937181122449,39.49670337996356,1.0,5.4
casia_webface,6152,112,112,RGB,39.15688775510204,24.927661997485256,1.0,4.8
casia_webface,6152,112,112,RGB,40.99593431122449,32.097809197535575,1.0,4.2
casia_webface,6152,112,112,RGB,73.01434948979592,53.45233444970159,1.0,4.0
casia_webface,6152,112,112,RGB,88.84813456632654,42.00866735187956,1.0,6.7
casia_webface,6181,112,112,RGB,114.72720025510205,70.12111793025679,1.0,5.3
casia_webface,6181,112,112,RGB,82.4390943877551,57.80847784416623,1.0,7.0
casia_webface,6181,112,112,RGB,139.87492028061226,63.77681680735645,1.0,6.0
casia_webface,6181,112,112,RGB,69.80739795918367,51.81473068967617,1.0,4.1
casia_webface,6181,112,112,RGB,139.65848214285714,63.73682895746581,1.0,5.8
casia_webface,6320,112,112,RGB,92.82676977040816,49.753415053917166,1.0,5.4
casia_webface,6320,112,112,RGB,145.28061224489795,75.3176268710207,1.0,6.2
casia_webface,6320,112,112,RGB,171.1853475765306,56.90274473738787,1.0,5.2
casia_webface,6320,112,112,RGB,147.94826211734693,79.6590867823158,1.0,6.8
casia_webface,6320,112,112,RGB,99.33075573979592,78.13344683644549,1.0,6.1
casia_webface,6416,112,112,RGB,84.25749362244898,54.39750758043028,1.0,6.4
casia_webface,6416,112,112,RGB,97.72313456632654,57.360544791000834,1.0,6.5
casia_webface,6416,112,112,RGB,67.22329400510205,65.86821763572074,1.0,6.8
casia_webface,6416,112,112,RGB,116.94507334183673,58.5191507466414,1.0,5.6
casia_webface,6416,112,112,RGB,68.49410076530613,56.80555692982152,1.0,5.1
casia_webface,6450,112,112,RGB,104.17562181122449,59.86120885836273,1.0,5.9
casia_webface,6450,112,112,RGB,142.31608737244898,40.38108656178946,1.0,4.7
casia_webface,6450,112,112,RGB,130.98461415816325,55.67073620656523,1.0,6.2
casia_webface,6450,112,112,RGB,77.55731823979592,33.339714670543664,1.0,3.6
casia_webface,6450,112,112,RGB,94.22209821428571,58.27060243903182,1.0,5.5
casia_webface,6626,112,112,RGB,103.3540338010204,70.10681351346395,1.0,5.6
casia_webface,6626,112,112,RGB,77.96444515306122,51.01017816739308,1.0,5.3
casia_webface,6626,112,112,RGB,113.33808992346938,53.05475635234516,1.0,4.8
casia_webface,6626,112,112,RGB,37.94897959183673,27.96924751144954,1.0,3.9
casia_webface,6626,112,112,RGB,133.12771045918367,64.12245974988286,1.0,7.0
casia_webface,6631,112,112,RGB,88.78698979591837,51.028005732145715,1.0,4.0
casia_webface,6631,112,112,RGB,148.4632493622449,63.271206880016834,1.0,4.3
casia_webface,6631,112,112,RGB,126.52622767857143,53.79788992207836,1.0,4.6
casia_webface,6631,112,112,RGB,76.32206632653062,42.7047129779163,1.0,3.8
casia_webface,6631,112,112,RGB,104.78316326530613,36.29350200728687,1.0,4.2
casia_webface,6652,112,112,RGB,151.49617346938774,63.49473065394361,1.0,5.4
casia_webface,6652,112,112,RGB,104.57796556122449,48.23036582852027,1.0,4.9
casia_webface,6652,112,112,RGB,147.07270408163265,51.549185582990305,1.0,5.9
casia_webface,6652,112,112,RGB,127.2265625,58.154491167088565,1.0,5.9
casia_webface,6652,112,112,RGB,134.32302295918367,61.44766049368708,1.0,6.6
casia_webface,6695,112,112,RGB,116.65640943877551,71.69231170614556,1.0,7.0
casia_webface,6695,112,112,RGB,125.48078762755102,64.14186868485159,1.0,7.3
casia_webface,6695,112,112,RGB,101.89142219387755,57.96658940843193,1.0,4.9
casia_webface,6695,112,112,RGB,106.57397959183673,67.0813199592791,1.0,4.9
casia_webface,6695,112,112,RGB,125.98604910714286,72.63453307687782,1.0,5.9
casia_webface,6698,112,112,RGB,67.56178252551021,44.564214766631764,1.0,4.9
casia_webface,6698,112,112,RGB,130.95376275510205,64.9748339616322,1.0,5.7
casia_webface,6698,112,112,RGB,121.63073979591837,82.63188553213317,1.0,5.4
casia_webface,6698,112,112,RGB,72.89485012755102,72.72073863809862,1.0,5.9
casia_webface,6698,112,112,RGB,69.07374043367346,40.087566370721646,1.0,4.5
casia_webface,6818,112,112,RGB,113.57485650510205,79.39829106989627,1.0,6.0
casia_webface,6818,112,112,RGB,158.2057557397959,75.57638107866764,1.0,7.1
casia_webface,6818,112,112,RGB,151.79854910714286,60.46542875944301,1.0,7.5
casia_webface,6818,112,112,RGB,157.45982142857142,54.0651532541681,1.0,5.2
casia_webface,6818,112,112,RGB,118.91892538265306,57.71880821427995,1.0,5.7
casia_webface,7040,112,112,RGB,110.85212053571429,83.28178529788995,1.0,6.1
casia_webface,7040,112,112,RGB,111.74872448979592,53.7910764819534,1.0,5.3
casia_webface,7040,112,112,RGB,109.7093431122449,46.26872230764281,1.0,5.4
casia_webface,7040,112,112,RGB,102.91517857142857,63.55309084809065,1.0,4.6
casia_webface,7040,112,112,RGB,74.45503826530613,48.15157681339088,1.0,5.4
casia_webface,7251,112,112,RGB,123.75685586734694,69.35458792051637,1.0,7.3
casia_webface,7251,112,112,RGB,44.50454400510204,27.712904600435404,1.0,4.5
casia_webface,7251,112,112,RGB,124.31704400510205,80.10736284481514,1.0,7.1
casia_webface,7251,112,112,RGB,147.16948341836735,64.13047332024817,1.0,6.4
casia_webface,7251,112,112,RGB,106.32708864795919,65.45927870050866,1.0,6.0
casia_webface,7292,112,112,RGB,111.72783801020408,78.04970496057588,1.0,6.5
casia_webface,7292,112,112,RGB,75.62707270408163,55.37901169858082,1.0,5.2
casia_webface,7292,112,112,RGB,71.76953125,52.325055270183164,1.0,4.2
casia_webface,7292,112,112,RGB,43.36065051020408,45.63817640413784,1.0,3.2
casia_webface,7292,112,112,RGB,95.70711096938776,41.15078118998908,1.0,4.8
casia_webface,7428,112,112,RGB,140.89692283163265,71.31995409070608,1.0,5.6
casia_webface,7428,112,112,RGB,88.58856823979592,66.65511461922178,1.0,5.1
casia_webface,7428,112,112,RGB,84.63879145408163,65.1703923219867,1.0,5.2
casia_webface,7428,112,112,RGB,127.66900510204081,63.065924891565224,1.0,5.6
casia_webface,7428,112,112,RGB,153.59709821428572,85.43373717807441,1.0,6.3
casia_webface,7541,112,112,RGB,121.45256696428571,38.11322561715103,1.0,4.7
casia_webface,7541,112,112,RGB,73.21524234693878,46.21656338025431,1.0,4.4
casia_webface,7541,112,112,RGB,151.00669642857142,66.44367834024796,1.0,6.5
casia_webface,7541,112,112,RGB,140.74665178571428,59.347263163851636,1.0,4.7
casia_webface,7541,112,112,RGB,22.953603316326532,25.11596985456662,1.0,4.0
casia_webface,7588,112,112,RGB,104.5225605867347,51.388398570120465,1.0,5.2
casia_webface,7588,112,112,RGB,106.94826211734694,48.16260244301959,1.0,4.6
casia_webface,7588,112,112,RGB,145.41071428571428,54.517560302874436,1.0,5.5
casia_webface,7588,112,112,RGB,153.75271045918367,48.11181646536834,1.0,6.8
casia_webface,7588,112,112,RGB,120.81146364795919,56.10348343834283,1.0,4.1
casia_webface,7619,112,112,RGB,113.95583545918367,35.74179914863114,1.0,4.4
casia_webface,7619,112,112,RGB,203.4998405612245,36.31869590401694,1.0,4.2
casia_webface,7619,112,112,RGB,101.05739795918367,61.28763855091621,1.0,4.5
casia_webface,7619,112,112,RGB,119.87141262755102,68.46889166157268,1.0,3.9
casia_webface,7619,112,112,RGB,184.3329081632653,53.125441006205406,1.0,6.4
casia_webface,7817,112,112,RGB,123.55516581632654,60.96267194991969,1.0,6.9
casia_webface,7817,112,112,RGB,85.24386160714286,57.053347184993974,1.0,4.1
casia_webface,7817,112,112,RGB,110.74609375,56.32728980606845,1.0,6.1
casia_webface,7817,112,112,RGB,75.2485650510204,30.31331522963679,1.0,3.8
casia_webface,7817,112,112,RGB,89.27622767857143,50.18767065367788,1.0,5.7
casia_webface,8015,112,112,RGB,67.16111288265306,41.66092419163656,1.0,5.6
casia_webface,8015,112,112,RGB,57.33067602040816,44.31339172905627,1.0,5.6
casia_webface,8015,112,112,RGB,162.3968431122449,65.88632765932564,1.0,6.1
casia_webface,8015,112,112,RGB,87.92625956632654,52.13602174352488,1.0,5.8
casia_webface,8015,112,112,RGB,120.65824298469387,75.16388232792912,1.0,6.3
casia_webface,8086,112,112,RGB,92.56839923469387,34.57230632908427,1.0,3.8
casia_webface,8086,112,112,RGB,99.90106823979592,64.67546177648615,1.0,5.9
casia_webface,8086,112,112,RGB,81.7578125,75.93641829370192,1.0,5.6
casia_webface,8086,112,112,RGB,121.3954081632653,47.163498909911674,1.0,5.2
casia_webface,8086,112,112,RGB,106.48461415816327,54.78332132285908,1.0,4.7
casia_webface,8346,112,112,RGB,147.12683354591837,82.97314136589067,1.0,5.7
casia_webface,8346,112,112,RGB,75.47361288265306,58.277133352905096,1.0,4.9
casia_webface,8346,112,112,RGB,33.4758450255102,33.600040857398376,1.0,4.6
casia_webface,8346,112,112,RGB,51.078125,34.018763389573756,1.0,5.0
casia_webface,8346,112,112,RGB,150.16517857142858,54.16524296189553,1.0,4.9
casia_webface,8486,112,112,RGB,138.35817920918367,56.16683740525356,1.0,6.5
casia_webface,8486,112,112,RGB,131.73405612244898,55.85384079458685,1.0,5.0
casia_webface,8486,112,112,RGB,111.59717793367346,60.02482050666516,1.0,4.5
casia_webface,8486,112,112,RGB,81.30668048469387,83.72023305917972,1.0,5.0
casia_webface,8486,112,112,RGB,114.26658163265306,76.49417064990513,1.0,4.9
casia_webface,8824,112,112,RGB,134.99083227040816,71.69092886402301,1.0,6.5
casia_webface,8824,112,112,RGB,110.21755420918367,38.8782063759107,1.0,3.4
casia_webface,8824,112,112,RGB,127.95001594387755,64.40657640229405,1.0,5.8
casia_webface,8824,112,112,RGB,112.54703443877551,50.16589367814427,1.0,4.6
casia_webface,8824,112,112,RGB,91.82246492346938,47.66743251152173,1.0,4.6
casia_webface,8856,112,112,RGB,69.76642219387755,53.50529222423072,1.0,6.5
casia_webface,8856,112,112,RGB,80.3929368622449,44.81210259249218,1.0,6.0
casia_webface,8856,112,112,RGB,114.45479910714286,59.861226348025056,1.0,4.8
casia_webface,8856,112,112,RGB,97.30476721938776,80.99952457329704,1.0,5.6
casia_webface,8856,112,112,RGB,102.44626913265306,70.41477073916379,1.0,5.9
casia_webface,8881,112,112,RGB,122.97361288265306,71.36141947552525,1.0,6.4
casia_webface,8881,112,112,RGB,80.6500318877551,56.6173278635812,1.0,6.7
casia_webface,8881,112,112,RGB,167.48238201530611,58.12225971872306,1.0,5.1
casia_webface,8881,112,112,RGB,103.6663743622449,59.11813987625736,1.0,7.0
casia_webface,8881,112,112,RGB,93.3602519132653,64.0151393012463,1.0,6.3
casia_webface,8934,112,112,RGB,153.04830994897958,49.15549301914235,1.0,6.0
casia_webface,8934,112,112,RGB,126.96532206632654,48.48038992744847,1.0,5.3
casia_webface,8934,112,112,RGB,87.1890943877551,66.49443947096191,1.0,7.4
casia_webface,8934,112,112,RGB,114.14716198979592,56.888355083567546,1.0,5.9
casia_webface,8934,112,112,RGB,94.51307397959184,51.64367671242221,1.0,5.7
casia_webface,8954,112,112,RGB,73.42673788265306,31.897549387011782,1.0,5.4
casia_webface,8954,112,112,RGB,154.43016581632654,63.41041433507571,1.0,5.8
casia_webface,8954,112,112,RGB,120.16517857142857,60.37724447992406,1.0,5.1
casia_webface,8954,112,112,RGB,98.09095982142857,48.28084461295678,1.0,4.1
casia_webface,8954,112,112,RGB,101.88879145408163,50.285400281904444,1.0,5.2
casia_webface,8965,112,112,RGB,150.4295280612245,54.17745733416844,1.0,5.2
casia_webface,8965,112,112,RGB,90.67251275510205,30.589151084889966,1.0,5.1
casia_webface,8965,112,112,RGB,94.01203762755102,39.099633556514135,1.0,4.2
casia_webface,8965,112,112,RGB,126.85188137755102,55.637438986676344,1.0,5.5
casia_webface,8965,112,112,RGB,124.69945790816327,61.19672620472049,1.0,6.2
casia_webface,8968,112,112,RGB,98.41382334183673,52.75593051933724,1.0,5.6
casia_webface,8968,112,112,RGB,106.33793048469387,75.89293199191444,1.0,5.9
casia_webface,8968,112,112,RGB,166.2604432397959,59.1382903284057,1.0,6.8
casia_webface,8968,112,112,RGB,119.46492346938776,56.91142487336433,1.0,5.4
casia_webface,8968,112,112,RGB,93.60044642857143,49.05226920945268,1.0,6.6
casia_webface,9264,112,112,RGB,139.17075892857142,37.445915754517685,1.0,5.5
casia_webface,9264,112,112,RGB,149.89110331632654,49.94339688875593,1.0,6.3
casia_webface,9264,112,112,RGB,125.4360650510204,59.18628220802531,1.0,7.5
casia_webface,9264,112,112,RGB,165.36782525510205,36.25304224377105,1.0,4.6
casia_webface,9264,112,112,RGB,151.78324298469389,61.46133991399688,1.0,5.8
casia_webface,9507,112,112,RGB,46.457350127551024,27.770149742172187,1.0,3.9
casia_webface,9507,112,112,RGB,145.2032844387755,85.84460499836146,1.0,6.2
casia_webface,9507,112,112,RGB,88.75255102040816,77.94280076566646,1.0,5.6
casia_webface,9507,112,112,RGB,112.00558035714286,41.67161008986889,1.0,5.9
casia_webface,9507,112,112,RGB,143.2853156887755,67.96701857116169,1.0,6.0
casia_webface,9574,112,112,RGB,135.50845025510205,46.79055412558077,1.0,4.4
casia_webface,9574,112,112,RGB,139.3739636479592,41.352062142163994,1.0,6.4
casia_webface,9574,112,112,RGB,129.62252869897958,57.865872132339746,1.0,3.8
casia_webface,9574,112,112,RGB,116.47712053571429,68.37633113094087,1.0,6.6
casia_webface,9574,112,112,RGB,130.0389030612245,56.162585858624226,1.0,5.7
casia_webface,9626,112,112,RGB,68.69132653061224,54.76319383729116,1.0,5.0
casia_webface,9626,112,112,RGB,58.088249362244895,44.27891590599602,1.0,4.9
casia_webface,9626,112,112,RGB,79.7446588010204,54.22232196677898,1.0,6.6
casia_webface,9626,112,112,RGB,63.952806122448976,55.66918823650468,1.0,4.7
casia_webface,9626,112,112,RGB,107.61846301020408,74.81254953068049,1.0,6.9
casia_webface,9671,112,112,RGB,96.20918367346938,82.7328602916501,1.0,6.5
casia_webface,9671,112,112,RGB,87.55086096938776,58.8620292258971,1.0,4.6
casia_webface,9671,112,112,RGB,165.16254783163265,60.29571417371004,1.0,3.9
casia_webface,9671,112,112,RGB,95.76626275510205,56.08240102661932,1.0,4.8
casia_webface,9671,112,112,RGB,111.94499362244898,64.03091496486056,1.0,5.8
casia_webface,9789,112,112,RGB,180.41342474489795,62.147363585622614,1.0,4.4
casia_webface,9789,112,112,RGB,135.3567442602041,64.4673157735617,1.0,5.8
casia_webface,9789,112,112,RGB,119.43048469387755,62.6261885444245,1.0,5.5
casia_webface,9789,112,112,RGB,131.65274234693877,73.86417752060778,1.0,6.1
casia_webface,9789,112,112,RGB,131.5163424744898,70.41331188473234,1.0,5.3
casia_webface,9794,112,112,RGB,97.95448022959184,71.58012883758022,1.0,6.9
casia_webface,9794,112,112,RGB,99.24728954081633,72.08394037598042,1.0,6.7
casia_webface,9794,112,112,RGB,112.30955038265306,81.56155094444723,1.0,5.9
casia_webface,9794,112,112,RGB,93.14891581632654,70.83025968892149,1.0,6.7
casia_webface,9794,112,112,RGB,91.35084502551021,72.06650891277596,1.0,6.0
casia_webface,9860,112,112,RGB,164.61910076530611,60.27018385948962,1.0,6.4
casia_webface,9860,112,112,RGB,82.3155293367347,54.207204399781595,1.0,5.5
casia_webface,9860,112,112,RGB,180.85132334183675,56.8201404224221,1.0,5.5
casia_webface,9860,112,112,RGB,67.34797512755102,35.508296683115006,1.0,4.7
casia_webface,9860,112,112,RGB,96.25,90.85841685427557,1.0,5.7
casia_webface,10378,112,112,RGB,117.60889668367346,64.74172050274183,1.0,6.2
casia_webface,10378,112,112,RGB,74.20416135204081,35.5199737917674,1.0,4.7
casia_webface,10378,112,112,RGB,152.85435267857142,54.37611782098121,1.0,5.0
casia_webface,10378,112,112,RGB,146.95798788265307,80.1769422259379,1.0,7.2
casia_webface,10378,112,112,RGB,77.03180803571429,53.05337782201426,1.0,5.7
casia_webface,10443,112,112,RGB,74.98246173469387,52.95297488859438,1.0,5.5
casia_webface,10443,112,112,RGB,139.2239317602041,58.54090012852201,1.0,6.0
casia_webface,10443,112,112,RGB,85.64094387755102,57.15808168505323,1.0,6.1
casia_webface,10443,112,112,RGB,135.3875956632653,83.83624552808097,1.0,7.2
casia_webface,10443,112,112,RGB,127.9657206632653,64.27547367584002,1.0,7.0
casia_webface,10523,112,112,RGB,62.39756058673469,58.229866427605806,1.0,5.0
casia_webface,10523,112,112,RGB,109.80253507653062,60.586540951487265,1.0,6.1
casia_webface,10523,112,112,RGB,145.18064413265307,47.375372437751935,1.0,5.6
casia_webface,10523,112,112,RGB,142.99752869897958,55.106514239445985,1.0,6.2
casia_webface,10523,112,112,RGB,133.84956951530611,64.83453548229515,1.0,6.3
olivetti,4,64,64,L,135.6787109375,39.14588345288771,1.0,0.0
olivetti,30,64,64,L,122.015380859375,29.838816800244274,1.0,0.0
olivetti,37,64,64,L,135.214599609375,45.02448977422766,1.0,0.0
olivetti,36,64,64,L,121.8095703125,51.20456604825754,1.0,0.0
olivetti,36,64,64,L,117.800048828125,52.8718445238767,1.0,0.0
olivetti,22,64,64,L,155.752685546875,41.54472855040577,1.0,0.0
olivetti,12,64,64,L,146.966064453125,33.11639880577345,1.0,0.0
olivetti,18,64,64,L,153.3564453125,41.00811416302811,1.0,0.0
olivetti,8,64,64,L,145.45654296875,40.153356731398375,1.0,0.0
olivetti,22,64,64,L,157.923583984375,37.785938119582674,1.0,0.0
olivetti,14,64,64,L,146.0390625,30.45254276476504,1.0,0.0
olivetti,36,64,64,L,115.0703125,49.49117500937509,1.0,0.0
olivetti,8,64,64,L,142.72900390625,40.383238548294045,1.0,0.0
olivetti,11,64,64,L,149.97021484375,49.577315837557876,1.0,0.0
olivetti,33,64,64,L,110.125,30.769921773340602,1.0,0.0
olivetti,11,64,64,L,146.8642578125,51.24530401347555,1.0,0.0
olivetti,16,64,64,L,136.47021484375,47.938275046219246,1.0,0.0
olivetti,28,64,64,L,106.39453125,33.36444427782026,1.0,0.0
olivetti,26,64,64,L,141.772705078125,46.05999131468779,1.0,0.0
olivetti,28,64,64,L,109.15380859375,30.127354601096968,1.0,0.0
olivetti,5,64,64,L,181.084716796875,27.972667337710256,1.0,0.0
olivetti,5,64,64,L,182.425537109375,28.01946906499425,1.0,0.0
olivetti,30,64,64,L,130.6328125,33.671754458890966,1.0,0.0
olivetti,1,64,64,L,140.059326171875,36.52914004192004,1.0,0.0
olivetti,4,64,64,L,152.330322265625,39.83722395689059,1.0,0.0
olivetti,7,64,64,L,156.185302734375,50.85776532404868,1.0,0.0
olivetti,23,64,64,L,130.32861328125,40.00897630765359,1.0,0.0
olivetti,4,64,64,L,153.054931640625,36.79713256405631,1.0,0.0
olivetti,33,64,64,L,110.427001953125,31.395334598733015,1.0,0.0
olivetti,24,64,64,L,148.21875,38.55744116939362,1.0,0.0
olivetti,17,64,64,L,161.782958984375,40.4532247323302,1.0,0.0
olivetti,7,64,64,L,148.448486328125,57.06401697954333,1.0,0.0
olivetti,34,64,64,L,140.943115234375,44.81364338305986,1.0,0.0
olivetti,0,64,64,L,158.3359375,42.15423384610784,1.0,0.0
olivetti,16,64,64,L,146.804931640625,48.63807549429043,1.0,0.0
olivetti,5,64,64,L,181.5234375,28.86767590926474,1.0,0.0
olivetti,22,64,64,L,154.27978515625,39.715231963993894,1.0,0.0
olivetti,10,64,64,L,151.486328125,46.79093303880928,1.0,0.0
olivetti,9,64,64,L,150.10498046875,51.57118501287741,1.0,0.0
olivetti,20,64,64,L,118.03564453125,30.64099867464982,1.0,0.0
olivetti,15,64,64,L,154.456298828125,33.60055954781597,1.0,0.0
olivetti,2,64,64,L,146.230224609375,44.549360073488856,1.0,0.0
olivetti,35,64,64,L,163.03125,46.58074307050071,1.0,0.0
olivetti,25,64,64,L,124.918701171875,45.38012176104666,1.0,0.0
olivetti,35,64,64,L,139.643310546875,42.40895543572907,1.0,0.0
olivetti,5,64,64,L,161.538330078125,31.689726492668107,1.0,0.0
olivetti,15,64,64,L,151.776123046875,33.89396272476832,1.0,0.0
olivetti,0,64,64,L,147.837890625,50.1055973771323,1.0,0.0
olivetti,10,64,64,L,150.4248046875,48.24990598639782,1.0,0.0
olivetti,28,64,64,L,129.806396484375,38.665682813631555,1.0,0.0
